metabolite,name
octapb_c,Octanoate (protein bound)
cysi__L_e,L Cystine C6H12N2O4S2
dhap_c,Dihydroxyacetone phosphate
prbatp_c,1-(5-Phosphoribosyl)-ATP
10fthf_c,10-Formyltetrahydrofolate
btal_c,Butanal C4H8O
6pgg_c,"6-Phospho-beta-D-glucosyl-(1,4)-D-glucose"
co2_e,CO2 CO2
akg_e,2-Oxoglutarate
gsn_e,Guanosine
pydx5p_c,Pyridoxal 5'-phosphate
3dhgulnp_c,3-keto-L-gulonate-6-phosphate
g3ps_c,Glycerophosphoserine
adphep_LD_c,ADP-L-glycero-D-manno-heptose
lyx__L_c,L-Lyxose
din_p,Deoxyinosine
2pg_c,D-Glycerate 2-phosphate
ptrc_p,Putrescine
malt_p,Maltose C12H22O11
pppn_p,Phenylpropanoate
arbtn_p,Aerobactin minus Fe3
hphhlipa_c,Heptosyl-phospho-heptosyl-heptosyl-kdo2-lipidA
phphhlipa_c,Phospho-heptosyl-phospho-heptosyl-heptosyl-kdo2-lipidA
13dpg_c,3-Phospho-D-glyceroyl phosphate
murein3px4p_p,"Two disacharide linked murein units, tripeptide crosslinked tetrapeptide (A2pm->D-ala) (middle of chain)"
34dhpac_e,"3,4-Dihydroxyphenylacetaldehyde"
1odec11eg3p_c,1-octadec-11-enoyl-sn-glycerol 3-phosphate
12dgr181_p,"1,2-Diacyl-sn-glycerol (dioctadec-11-enoyl, n-C18:1)"
anhgm_e,N-Acetyl-D-glucosamine(anhydrous)N-Acetylmuramic acid
prbamp_c,1-(5-Phosphoribosyl)-AMP
dsbdrd_c,Fused thiol:disulfide interchange protein (reduced)
cu2_p,Copper
sla_c,Sulpholactaldehyde
14glucan_p,"1,4-alpha-D-glucan"
grdp_c,Geranyl diphosphate
ribflv_p,Riboflavin C17H20N4O6
dms_e,Dimethyl sulfide
pgp141_c,"Phosphatidylglycerophosphate (ditetradec-7-enoyl, n-C14:1)"
cysi__L_c,L Cystine C6H12N2O4S2
fpram_c,2-(Formamido)-N1-(5-phospho-D-ribosyl)acetamidine
f1p_c,D-Fructose 1-phosphate
dsbard_p,Periplasmic protein disulfide isomerase I (reduced)
thr__L_c,L-Threonine
dcyt_p,Deoxycytidine
2ddglcn_c,2-Dehydro-3-deoxy-D-gluconate
fum_p,Fumarate
galctn__L_e,L-Galactonate
btn_e,Biotin
pydxn_p,Pyridoxine
ocdcea_e,Octadecenoate (n-C18:1)
preq0_c,7-cyano-7-carbaguanine
tyr__L_p,L-Tyrosine
dtdp4d6dg_c,DTDP-4-dehydro-6-deoxy-D-glucose
acmum_e,N-Acetylmuramate
man_p,D-Mannose
adocbl_e,Adenosylcobalamin
iscu_2fe2s_c,IscU with bound [2Fe-2S] cluster
frulysp_c,Fructoselysine Phosphate
dump_p,DUMP C9H11N2O8P
novbcn_e,Novobiocin
feenter_e,Fe-enterobactin
eca4und_p,(enterobacterial common antigen)x4 undecaprenyl-diphosphate
gg4abut_c,Gamma-glutamyl-gamma aminobutyric acid
flxr_c,Flavodoxin reduced
pa160_c,"1,2-dihexadecanoyl-sn-glycerol 3-phosphate"
lcts_c,Lactose C12H22O11
arbtn_e,Aerobactin minus Fe3
cdpdhdec9eg_c,"CDP-1,2-dihexadec-9-enoylglycerol"
aso3_c,Arsenite
progly_c,L-Prolinylglycine
3ohdcoa_c,3-Oxohexadecanoyl-CoA
clpn161_p,"Cardiolipin (tetrahexadec-9-enoyl, n-C16:1)"
1ddecg3p_p,1-dodecanoyl-sn-glycerol 3-phosphate
gln__L_e,L-Glutamine
cpgn_un_e,Coprogen unloaded (no Fe(III))
ca2_p,Calcium
tre_e,Trehalose
iscssh_c,IscS with bound sulfur
glyald_c,D-Glyceraldehyde
alaala_e,D-Alanyl-D-alanine
novbcn_p,Novobiocin
3ohexACP_c,3-Oxohexanoyl-[acyl-carrier protein]
g3pg_c,Glycerophosphoglycerol
rpntp_c,?-D-ribose-1-methylphosphonate-5-triphosphate
adocbl_c,Adenosylcobalamin
3ocddec5eACP_c,3-oxo-cis-dodec-5-enoyl-[acyl-carrier protein]
gmplys_c,GMP-N-?-(N-?-acetyl lysine methyl ester) 5'-phosphoramidate
r5p_c,Alpha-D-Ribose 5-phosphate
clpn120_p,"Cardiolipin (tetradodecanoyl, n-C12:0)"
idon__L_e,L-Idonate
akg_c,2-Oxoglutarate
tcynt_c,Thiocyanate
apg141_c,Acyl phosphatidylglycerol (n-C14:1)
ac_c,Acetate
dca_c,Decanoate (n-C10:0)
pheme_e,Protoheme C34H30FeN4O4
citr__L_c,L-Citrulline
3hodcoa_c,(S)-3-Hydroxyoctadecanoyl-CoA
all__D_e,D-Allose
ca2_e,Calcium
fe2_p,Fe2+ mitochondria
dkdglcn_c,"2,5-Diketo-3-deoxy-D-gluconate"
chtbs_p,"N,N'-diacetylchitobiose"
34hpp_c,3-(4-Hydroxyphenyl)pyruvate
fusa_p,Fusidic acid
metglcur_c,1-O-methyl-Beta-D-glucuronate
g1p_e,D-Glucose 1-phosphate
duri_c,Deoxyuridine
udcpdp_p,Undecaprenyl diphosphate
ag_e,Silver
pep_c,Phosphoenolpyruvate
ala_B_c,Beta-Alanine
h_c,H+
pa141_c,"1,2-ditetradec-7-enoyl-sn-glycerol 3-phosphate"
no2_e,Nitrite
cdpdddecg_c,"CDP-1,2-didodecanoylglycerol"
rib__D_c,D-Ribose
tag6p__D_c,D-Tagatose 6-phosphate
2dr1p_c,2-Deoxy-D-ribose 1-phosphate
gthrd_c,Reduced glutathione
pe140_p,"Phosphatidylethanolamine (ditetradecanoyl, n-C14:0)"
2agpg120_c,2-Acyl-sn-glycero-3-phosphoglycerol (n-C12:0)
dhpppn_c,"3-(2,3-Dihydroxyphenyl)propanoate"
2tdecg3p_p,2-tetradecanoyl-sn-glycerol 3-phosphate
ala__L_e,L-Alanine
g6p_e,D-Glucose 6-phosphate
actACP_c,Acetoacetyl-ACP
2odecg3p_c,2-octadecanoyl-sn-glycerol 3-phosphate
hdcea_c,Hexadecenoate (n-C16:1)
hdcoa_c,Hexadecenoyl-CoA (n-C16:1CoA)
actp_c,Acetyl phosphate
2pglyc_c,2-Phosphoglycolate
o16a4colipa_e,(O16 antigen)x4 core oligosaccharide lipid A
acgam6p_c,N-Acetyl-D-glucosamine 6-phosphate
g3pc_c,Sn-Glycero-3-phosphocholine
thmpp_c,Thiamine diphosphate
dmbzid_c,"5,6-Dimethylbenzimidazole"
val__L_p,L-Valine
xtp_c,XTP
udcpgl_c,Undecaprenol-diphosphate-glucose
mepn_c,Methylphosphonic acid
ppt_p,Phosphonate
mepn_p,Methylphosphonic acid
cd2_c,Cadmium
pyr_p,Pyruvate
tcynt_p,Thiocyanate
ni2_c,Nickel
acanth_c,N-Acetylanthranilate
cyst__L_c,L-Cystathionine
so2_p,Sulfur dioxide
peamn_p,Phenethylamine
mso3_e,Methanesulfonate
mn2_c,Manganese
dutp_c,DUTP C9H11N2O14P3
murein5p5p_p,"Two linked disacharide pentapeptide murein units (uncrosslinked, middle of chain)"
dmlz_c,"6,7-Dimethyl-8-(1-D-ribityl)lumazine"
pan4p_c,Pantetheine 4'-phosphate
pa181_c,"1,2-dioctadec-11-enoyl-sn-glycerol 3-phosphate"
thrp_e,L-Threonine O-3-phosphate
2agpg181_p,2-Acyl-sn-glycero-3-phosphoglycerol (n-C18:1)
adprib_c,ADPribose C15H21N5O14P2
octa_c,Octanoate (n-C8:0)
quln_c,Quinolinate
tdecoa_c,Tetradecenoyl-CoA (n-C14:1CoA)
1odecg3p_p,1-octadecanoyl-sn-glycerol 3-phosphate
dxyl_c,1-deoxy-D-xylulose
dhptd_c,"4,5-dihydroxy-2,3-pentanedione"
thym_p,Thymine C5H6N2O2
LalaLglu_e,L-alanine-L-glutamate
mocogdp_c,Molybdopterin guanine dinucleotide
lipa_c,KDO(2)-lipid (A)
mththf_c,"(2R,4S)-2-methyl-2,3,3,4-tetrahydroxytetrahydrofuran"
sheme_c,Siroheme C42H36FeN4O16
sufbcd_2fe2s_c,SufBCD with bound [2Fe-2S] cluster
all__D_p,D-Allose
metsox_R__L_e,L-methionine-R-sulfoxide
bwco_c,Tungsten bispterin cofactor
pheme_p,Protoheme C34H30FeN4O4
h2o_p,H2O H2O
f_p,Fluoride
hdca_p,Hexadecanoate (n-C16:0)
fru_c,D-Fructose
gal1p_p,Alpha-D-Galactose 1-phosphate
g3pe_e,Sn-Glycero-3-phosphoethanolamine
dimp_p,DIMP C10H12N4O7P
glyc3p_c,Glycerol 3-phosphate
ctbt_p,Crotonobetaine
anhm3p_c,"1,6-anhydrous-N-Acetylmuramyl-tripeptide"
2ahbut_c,(S)-2-Aceto-2-hydroxybutanoate
clpn140_p,"Cardiolipin (tetratetradecanoyl, n-C14:0)"
murein5p4p_p,"Two linked disacharide pentapeptide and tetrapeptide murein units (uncrosslinked, middle of chain)"
ser__L_c,L-Serine
toct2eACP_c,Trans-Oct-2-enoyl-[acyl-carrier protein]
clpn141_p,"Cardiolipin (tetratetradec-7-enoyl, n-C14:1)"
12dgr180_p,"1,2-Diacyl-sn-glycerol (dioctadecanoyl, n-C18:0)"
2agpe140_p,2-Acyl-sn-glycero-3-phosphoethanolamine (n-C14:0)
ump_c,UMP C9H11N2O9P
5drib_c,5'-deoxyribose
2agpe120_c,2-Acyl-sn-glycero-3-phosphoethanolamine (n-C12:0)
4c2me_c,4-(cytidine 5'-diphospho)-2-C-methyl-D-erythritol
1agpg181_p,1-Acyl-sn-glycero-3-phosphoglycerol (n-C18:1)
oxalcoa_c,Oxalyl-CoA
uracp_c,Ureidoacrylate peracid
preq1_c,7-aminomethyl-7-deazaguanine
bmoco_c,Bis-molybdenum cofactor
hdceap_c,Hexadecanoyl-phosphate (n-C16:1)
ade_e,Adenine
mepn_e,Methylphosphonic acid
bmoco1gdp_c,Bis-molybdopterin mono-guanine dinucleotide
rmn_e,L-Rhamnose
f_e,Fluoride
3pg_c,3-Phospho-D-glycerate
iprimv_c,Isoprimeverose
2dhguln_c,2-Dehydro-L-gulonate
psuri_c,Pseudouridine
ctp_c,CTP C9H12N3O14P3
dadp_c,DADP C10H12N5O9P2
2ddglcn_e,2-Dehydro-3-deoxy-D-gluconate
xan_c,Xanthine
xu5p__D_c,D-Xylulose 5-phosphate
aspsa_c,L-Aspartate 4-semialdehyde
glyb_e,Glycine betaine
xtsn_c,Xanthosine
2p4c2me_c,2-phospho-4-(cytidine 5'-diphospho)-2-C-methyl-D-erythritol
glcr_e,D-Glucarate
lgt__S_c,(R)-S-Lactoylglutathione
alltn_e,Allantoin
cyan_c,Hydrogen cyanide
f6p_e,D-Fructose 6-phosphate
gam1p_c,D-Glucosamine 1-phosphate
cu2_e,Copper
zn2_e,Zinc
ura_e,Uracil
fadh2_c,Flavin adenine dinucleotide reduced
dhpmp_c,Dihydroneopterin monophosphate
15dap_p,"1,5-Diaminopentane"
pppi_c,Inorganic triphosphate
lys__L_e,L-Lysine
cynt_c,Cyanate
xu5p__L_c,L-Xylulose 5-phosphate
ascb6p_c,L-ascorbate-6-phosphate
acmum6p_c,N-acetylmuramate 6-phosphate
ocdca_e,Octadecanoate (n-C18:0)
glyclt_c,Glycolate C2H3O3
ppap_c,Propanoyl phosphate
hkntd_c,2-hydroxy-6-ketononatrienedioate
gp4g_c,"P1,P4-Bis(5'-guanosyl) tetraphosphate"
all__D_c,D-Allose
acnam_p,N-Acetylneuraminate
sucr_p,Sucrose C12H22O11
g6p_p,D-Glucose 6-phosphate
glyb_c,Glycine betaine
gmp_e,GMP C10H12N5O8P
phaccoa_c,Phenylacetyl-CoA
but_e,Butyrate (n-C4:0)
pnto__R_p,(R)-Pantothenate
isetac_p,Isethionic acid
amp_p,AMP C10H12N5O7P
kdo2lipid4p_c,KDO(2)-lipid IV(A) with palmitoleoyl
dhmptp_c,Dihydromonapterin-triphosphate
cobalt2_e,Co2+
cbl1_c,Cob(I)alamin
gal_bD_p,Beta D-Galactose
alaala_p,D-Alanyl-D-alanine
fald_p,Formaldehyde
uri_p,Uridine
thex2eACP_c,Trans-Hex-2-enoyl-[acyl-carrier protein]
ocdcea_p,Octadecenoate (n-C18:1)
LalaDgluMdapDala_e,"L-alanine-D-glutamate-meso-2,6-diaminoheptanedioate-D-alanine"
t3c9palmeACP_c,Trans-3-cis-9-palmitoleoyl-[acyl-carrier protein]
hlipa_c,Heptosyl-kdo2-lipidA
dimp_c,DIMP C10H12N4O7P
odecoa_c,Octadecenoyl-CoA (n-C18:1CoA)
cpe160_c,"Cyclopropane phosphatidylethanolamine (dihexadec-9,10-cyclo-anoyl, n-C16:0 cyclo)"
cgly_c,Cys Gly C5H10N2O3S
phhlipa_c,Phospho-heptosyl-heptosyl-kdo2-lipidA
alpp_p,Applipoprotein
lpp_p,Lipoprotein
5mtr_p,5-Methylthio-D-ribose
1agpe181_p,1-Acyl-sn-glycero-3-phosphoethanolamine (n-C18:1)
sf_c,6-deoxy-6-sulphofructose
fuc__L_c,L-Fucose
ghb_c,Gamma-hydroxybutyrate
4abutn_c,4-Aminobutanal
accoa_c,Acetyl-CoA
arg__L_c,L-Arginine
LalaLglu_p,L-alanine-L-glutamate
26dap_LL_c,"LL-2,6-Diaminoheptanedioate"
tma_e,Trimethylamine
mdhdhf_c,"(2R,4S)-2-methyl-2,4-dihydroxydihydrofuran-3-one"
occoa_c,Octanoyl-CoA (n-C8:0CoA)
moadamp_c,MoaD Protein with bound AMP
lyx__L_e,L-Lyxose
mththf_p,"(2R,4S)-2-methyl-2,3,3,4-tetrahydroxytetrahydrofuran"
gtp_e,GTP C10H12N5O14P3
3hbz_c,3-Hydroxybenzoate
man6p_p,D-Mannose 6-phosphate
cellb_e,Cellobiose
prpmn_c,?-D-ribose-1-methylphosphonate 5-phosphate
uamr_c,UDP-N-acetylmuramate
fecrm_un_c,Ferrichrome minus Fe(III)
asp__L_c,L-Aspartate
lipa_cold_p,Cold adapted KDO(2)-lipid (A)
sbt__D_e,D-Sorbitol
acg5sa_c,N-Acetyl-L-glutamate 5-semialdehyde
arg__L_e,L-Arginine
murein3p3p_p,"Two linked disacharide tripeptide murein units (uncrosslinked, middle of chain)"
hexACP_c,Hexanoyl-ACP (n-C6:0ACP)
dgsn_e,Deoxyguanosine
spmd_e,Spermidine
pg161_c,"Phosphatidylglycerol (dihexadec-9-enoyl, n-C16:1)"
skm_c,Shikimate
pe120_p,"Phosphatidylethanolamine (didodecanoyl, n-C12:0)"
sucgsa_c,N2-Succinyl-L-glutamate 5-semialdehyde
imp_c,IMP C10H11N4O8P
tartr__L_c,L-tartrate
ppal_p,Propanal
colipap_p,Core oligosaccharide lipid A diphosphate
o2_c,O2 O2
dhps_p,"2,3-Dihydroxypropane-1-sulfonate"
ocdcea_c,Octadecenoate (n-C18:1)
h_p,H+
3hbcoa_c,(S)-3-Hydroxybutanoyl-CoA
succ_p,Succinate
gal_p,D-Galactose
2hptcl_c,"2-hydroxycyclohepta-1,4,6-triene-1-carboxylate"
phpyr_c,Phenylpyruvate
s17bp_c,"Sedoheptulose 1,7-bisphosphate"
4ampm_c,4-Amino-2-methyl-5-phosphomethylpyrimidine
maltttr_p,Maltotetraose
pydxn_c,Pyridoxine
met__D_c,D-Methionine
fru_e,D-Fructose
sucorn_c,N2-Succinyl-L-ornithine
pyr_e,Pyruvate
dtmp_p,DTMP C10H13N2O8P
dhcinnm_c,"2,3-dihydroxicinnamic acid"
aso4_c,Arsenate
acgal_p,N-Acetyl-D-galactosamine
dtdp4addg_c,"DTDP-4-amino-4,6-dideoxy-D-galactose"
unagamuf_c,"Undecaprenyl-diphospho N-acetylglucosamine-N-acetylmannosaminuronate-N-acetamido-4,6-dideoxy-D-galactose"
idon__L_c,L-Idonate
malttr_e,Maltotriose C18H32O16
cys__D_e,D-Cysteine
pac_c,Phenylacetic acid
pgp160_p,"Phosphatidylglycerophosphate (dihexadecanoyl, n-C16:0)"
cbm_c,Carbamate
5mthf_c,5-Methyltetrahydrofolate
3hpppn_e,3-(3-hydroxy-phenyl)propionate
ppt_e,Phosphonate
pmeACP_c,Pimeloyl-[acyl-carrier protein] methyl ester
ctbt_c,Crotonobetaine
nad_c,Nicotinamide adenine dinucleotide
na1_p,Sodium
glyald_p,D-Glyceraldehyde
r1p_c,Alpha-D-Ribose 1-phosphate
tdeACP_c,Cis-tetradec-7-enoyl-[acyl-carrier protein] (n-C14:1)
5mta_c,5-Methylthioadenosine
23dhba_c,"(2,3-Dihydroxybenzoyl)adenylate"
val__L_e,L-Valine
ddcacoa_c,Dodecanoyl-CoA (n-C12:0CoA)
gdpofuc_c,GDP-4-oxo-L-fucose
rbl__D_c,D-Ribulose
chol_c,Choline C5H14NO
his__L_p,L-Histidine
malt_c,Maltose C12H22O11
hom__L_e,L-Homoserine
no2_p,Nitrite
dcmp_e,DCMP C9H12N3O7P
dgmp_e,DGMP C10H12N5O7P
rhcys_c,S-Ribosyl-L-homocysteine
cd2_e,Cadmium
met__D_e,D-Methionine
gbbtn_c,Gamma-butyrobetaine
fald_c,Formaldehyde
Nmtrp_c,N-Methyltryptophan
23ccmp_e,"2',3'-Cyclic CMP"
dmso_e,Dimethyl sulfoxide
udpg_e,UDPglucose
icolipa_c,Inner core oligosaccharide lipid A (E coli)
acgal_e,N-Acetyl-D-galactosamine
r15bp_c,"D-Ribose 1,5-bisphosphate"
g3pe_p,Sn-Glycero-3-phosphoethanolamine
crn__D_p,D-Carnitine
3ocvac11eACP_c,3-oxo-cis-vacc-11-enoyl-[acyl-carrier protein]
cd2_p,Cadmium
3hoctaACP_c,(R)-3-Hydroxyoctadecanoyl-[acyl-carrier protein]
2agpe181_p,2-Acyl-sn-glycero-3-phosphoethanolamine (n-C18:1)
arab__D_c,D Arabinose C5H10O5
2doxg6p_c,2 Deoxy D glucose 6 phosphate C6H11O8P
ocdca_c,Octadecanoate (n-C18:0)
murein4px4p4p_p,"Three disacharide linked murein units (tetrapeptide crosslinked tetrapeptide (A2pm->D-ala), one uncrosslinked tetrapaptide) (middle of chain)"
2agpg180_c,2-Acyl-sn-glycero-3-phosphoglycerol (n-C18:0)
2tdec7eg3p_p,2-tetradec-7-enoyl-sn-glycerol 3-phosphate
sulfac_c,Sulfoacetate
mg2_c,Magnesium
dt5hsu_c,4-Deoxy-L-threo-5-hexosulose uronate
acmalt_c,Acetyl-maltose
malcoame_c,Malonyl-CoA methyl ester
slnt_p,Selenite
gmeACP_c,Glutaryl-[acyl-carrier protein] methyl ester
1hdecg3p_c,1-hexadecanoyl-sn-glycerol 3-phosphate
hgmeACP_c,3-Hydroxyglutaryl-[acyl-carrier protein] methyl ester
pg141_p,"Phosphatidylglycerol (ditetradec-7-enoyl, n-C14:1)"
mpt_c,Molybdopterin
ttrcyc_p,Tetracycline
4crsol_c,P-Cresol
apg181_c,Acyl phosphatidylglycerol (n-C18:1)
pydx_p,Pyridoxal
2sephchc_c,2-succinyl-5-enolpyruvyl-6-hydroxy-3-cyclohexene-1-carboxylate
cellb_p,Cellobiose
adp_c,ADP C10H12N5O10P2
dhps_c,"2,3-Dihydroxypropane-1-sulfonate"
mal__L_c,L-Malate
urea_c,Urea CH4N2O
gam_c,D-Glucosamine
mercpeth_c,Mercaptoethanol
psuri_p,Pseudouridine
5apru_c,5-Amino-6-(5'-phosphoribosylamino)uracil
g3p_c,Glyceraldehyde 3-phosphate
puacgam_p,"Poly-?-1,6-N-acetyl-D-glucosamine"
etoh_c,Ethanol
pnto__R_c,(R)-Pantothenate
nadphx__S_c,(S)-NADPHX
gdptp_c,Guanosine 3'-diphosphate 5'-triphosphate
3hddcoa_c,(S)-3-Hydroxydodecanoyl-CoA
so3_c,Sulfite
met__L_c,L-Methionine
aicar_c,5-Amino-1-(5-Phospho-D-ribosyl)imidazole-4-carboxamide
altrn_c,D-Altronate
thymd_e,Thymidine C10H14N2O5
ncam_c,Nicotinamide
5aizc_c,5-amino-1-(5-phospho-D-ribosyl)imidazole-4-carboxylate
fruur_c,D-Fructuronate
sucbz_c,O-Succinylbenzoate
ac_e,Acetate
glx_c,Glyoxylate
k_e,Potassium
lipidX_c,"2,3-Bis(3-hydroxytetradecanoyl)-beta-D-glucosaminyl 1-phosphate"
apg140_c,Acyl phosphatidylglycerol (n-C14:0)
dhna_c,"1,4-Dihydroxy-2-naphthoate"
etoh_e,Ethanol
galctn__L_c,L-Galactonate
mi1p__D_c,1D-myo-Inositol 1-phosphate
pro__L_e,L-Proline
taur_e,Taurine C2H7NO3S
lipa_cold_e,Cold adapted KDO(2)-lipid (A)
bwcogdp_c,Tungsten bispterin cofactor guanine dinucleotide
ppp9_c,Protoporphyrin
thptdn_c,"5,6,7,8-tetrahydropteridine"
glcn_p,D-Gluconate
gua_p,Guanine
air_c,5-amino-1-(5-phospho-D-ribosyl)imidazole
6pgc_c,6-Phospho-D-gluconate
6hmhptpp_c,6-hydroxymethyl-dihydropterin pyrophosphate
udpgal_c,UDPgalactose
nh4_c,Ammonium
fe3hox_un_p,"Fe(III)hydoxamate, unloaded"
xmp_e,Xanthosine 5'-phosphate
pydam_c,Pyridoxamine
so3_p,Sulfite
rml1p_c,L-Rhamnulose 1-phosphate
gam6p_e,D-Glucosamine 6-phosphate
cytd_c,Cytidine
glcur1p_e,D-Glucuronate 1-phosphate
nac_e,Nicotinate
tdec2eACP_c,Trans-Dec-2-enoyl-[acyl-carrier protein]
thym_c,Thymine C5H6N2O2
galctn__D_c,D-Galactonate
sbzcoa_c,O-Succinylbenzoyl-CoA
gal_e,D-Galactose
3hpp_p,3-Hydroxypropanoate
pimACP_c,Pimeloyl-[acyl-carrier protein]
micit_c,Methylisocitrate
dhcholn_c,"3?,12?-dihydroxy-7-oxo-5?-cholan-24-oate"
acnam_c,N-Acetylneuraminate
hdeACP_c,Cis-hexadec-9-enoyl-[acyl-carrier protein] (n-C16:1)
dha_e,Dihydroxyacetone
pi_c,Phosphate
acmana_p,N-Acetyl-D-mannosamine
argsuc_c,N(omega)-(L-Arginino)succinate
aacald_c,Aminoacetaldehyde
gbbtn_p,Gamma-butyrobetaine
nh4_p,Ammonium
4abut_p,4-Aminobutanoate
chor_c,Chorismate
hom__L_c,L-Homoserine
cbi_p,Cobinamide
thymd_c,Thymidine C10H14N2O5
mnl_p,D-Mannitol
gal_bD_e,Beta D-Galactose
12ppd__R_c,"(R)-Propane-1,2-diol"
dgdp_c,DGDP C10H12N5O10P2
glu1sa_c,L-Glutamate 1-semialdehyde
dad_5_c,5'-Deoxyadenosine
imp_p,IMP C10H11N4O8P
LalaDgluMdap_p,"L-alanine-D-glutamate-meso-2,6-diaminoheptanedioate"
cit_e,Citrate
glcur1p_p,D-Glucuronate 1-phosphate
leu__L_e,L-Leucine
hhlipa_c,Heptosyl-heptosyl-kdo2-lipidA
skm_p,Shikimate
crnDcoa_c,D-carnitinyl-CoA
zn2_c,Zinc
q8h2_c,Ubiquinol-8
ala__D_e,D-Alanine
murein5px3p_p,"Two disacharide linked murein units, pentapeptide corsslinked tripeptide (A2pm->A2pm) (middle of chain)"
fe2_e,Fe2+ mitochondria
skm_e,Shikimate
2agpe161_p,2-Acyl-sn-glycero-3-phosphoethanolamine (n-C16:1)
3odecACP_c,3-Oxodecanoyl-[acyl-carrier protein]
galt_e,Galactitol
5dglcn_e,5-Dehydro-D-gluconate
unagamu_c,Undecaprenyl-diphospho-N-acetylglucosamine-N-acetylmannosaminuronate
5prdmbz_c,"N1-(5-Phospho-alpha-D-ribosyl)-5,6-dimethylbenzimidazole"
1tdecg3p_c,1-tetradecanoyl-sn-glycerol 3-phosphate
pa140_c,"1,2-ditetradecanoyl-sn-glycerol 3-phosphate"
cdpdtdec7eg_c,"CDP-1,2-ditetradec-7-enoylglycerol"
cynt_e,Cyanate
dgslnt_c,Selenodiglutathione
cit_p,Citrate
xan_p,Xanthine
2agpe140_c,2-Acyl-sn-glycero-3-phosphoethanolamine (n-C14:0)
teo2_c,Tellurite
sufsesh_c,SufSE with bound sulfur
tyr__L_c,L-Tyrosine
fruur_p,D-Fructuronate
ggptrc_c,Gamma-glutamyl-putrescine
cys__L_c,L-Cysteine
4abzglu_e,4-aminobenzoyl-glutamate
2aobut_c,L-2-Amino-3-oxobutanoate
sulfac_e,Sulfoacetate
lkdr_c,2-dehydro-3-deoxy-L-rhamnonate
ps160_c,"Phosphatidylserine (dihexadecanoyl, n-C16:0)"
4r5au_c,4-(1-D-Ribitylamino)-5-aminouracil
3hbzcoa_c,3-hydroxybenzoyl-CoA
gam_e,D-Glucosamine
pg120_c,"Phosphatidylglycerol (didodecanoyl, n-C12:0)"
2agpe141_p,2-Acyl-sn-glycero-3-phosphoethanolamine (n-C14:1)
met__L_e,L-Methionine
xylu__D_c,D-Xylulose
4hbz_c,4-Hydroxybenzoate
amet_c,S-Adenosyl-L-methionine
dscl_c,Dihydrosirohydrochlorin
hxa_c,Hexanoate (n-C6:0)
h2s_c,Hydrogen sulfide
phthr_c,O-Phospho-4-hydroxy-L-threonine
acmana_e,N-Acetyl-D-mannosamine
3oocoa_c,3-Oxooctanoyl-CoA
n8aspmd_c,N8-Acetylspermidine
acgam1p_c,N-Acetyl-D-glucosamine 1-phosphate
ascb__L_e,L-Ascorbate
malt_e,Maltose C12H22O11
thymd_p,Thymidine C10H14N2O5
mn2_e,Manganese
ditp_c,DITP(4-)
u23ga_c,"UDP-2,3-bis(3-hydroxytetradecanoyl)glucosamine"
23dappa_e,"2,3-diaminopropionate"
um4p_c,"UDP-N-acetylmuramoyl-L-alanyl-D-gamma-glutamyl-meso-2,6-diaminopimelate-D-alanine"
3hppnl_c,3-Hydroxypropanal
cs1_e,Cesium ion
glyc2p_c,Glycerol 2-phosphate
wco_c,Tungsten binding cofactor
uLa4fn_c,Undecaprenyl phosphate-4-amino-4-formyl-L-arabinose
lipa_p,KDO(2)-lipid (A)
glc__D_c,D-Glucose
zn2_p,Zinc
dhmpt_c,Dihydromonapterin
e4p_c,D-Erythrose 4-phosphate
mincyc_p,Minocycline
hg2_c,Mercury  charged 2  Hg
man1p_c,D-Mannose 1-phosphate
2tpr3dpcoa_c,2'-(5''-triphosphoribosyl)-3'-dephospho-CoA
bglycogen_c,Branching glycogen
sq_c,Sulphoquinovose
sfp_c,6-deoxy-6-sulphofructose 1-phosphate
trp__L_c,L-Tryptophan
sq_e,Sulphoquinovose
dsbdox_c,Fused thiol:disulfide interchange protein (oxidized)
acser_c,O-Acetyl-L-serine
progly_e,L-Prolinylglycine
5phdt_c,Phenylhydantoin
lys__L_c,L-Lysine
adpglc_c,ADPglucose C16H23N5O15P2
ogmeACP_c,3-Oxo-glutaryl-[acyl-carrier protein] methyl ester
hpmeACP_c,3-Hydroxypimeloyl-[acyl-carrier protein] methyl ester
dudp_c,DUDP C9H11N2O11P2
2shchc_c,"2-Succinyl-6-hydroxy-2,4-cyclohexadiene-1-carboxylate"
4ppan_c,D-4'-Phosphopantothenate
sufse_c,SufSE sulfur acceptor complex
dxyl5p_c,1-deoxy-D-xylulose 5-phosphate
cs1_p,Cesium ion
23dhb_c,"2,3-Dihydroxybenzoate"
man_e,D-Mannose
2mecdp_c,"2-C-methyl-D-erythritol 2,4-cyclodiphosphate"
atp_c,ATP C10H12N5O13P3
acmana_c,N-Acetyl-D-mannosamine
rbl__L_c,L-Ribulose
dcyt_e,Deoxycytidine
fcl__L_c,L-fuculose
orot_e,Orotate C5H3N2O4
agdpcbi_c,Adenosine-GDP-cobinamide
indole_c,Indole
eig3p_c,D-erythro-1-(Imidazol-4-yl)glycerol 3-phosphate
h2_e,Hydrogen
26dap__M_c,"Meso-2,6-Diaminoheptanedioate"
u3aga_c,UDP-3-O-(3-hydroxytetradecanoyl)-N-acetylglucosamine
nmn_e,NMN C11H14N2O8P
thm_c,Thiamin
thf_c,"5,6,7,8-Tetrahydrofolate"
man6p_e,D-Mannose 6-phosphate
orot5p_c,Orotidine 5'-phosphate
feoxam_c,Generic ferrioxamine-Fe-III
h_e,H+
csn_p,Cytosine
aact_c,Aminoacetone
gln__L_p,L-Glutamine
glyc_p,Glycerol
cytd_p,Cytidine
thr__L_p,L-Threonine
asn__L_e,L-Asparagine
fuc__L_p,L-Fucose
5caiz_c,5-phosphoribosyl-5-carboxyaminoimidazole
dhnpt_c,Dihydroneopterin
pyam5p_c,Pyridoxamine 5'-phosphate
ttdca_p,Tetradecanoate (n-C14:0)
acgam_c,N-Acetyl-D-glucosamine
metsox_S__L_p,L-Methionine Sulfoxide
mal__L_p,L-Malate
pacald_p,Phenylacetaldehyde
eca4colipa_p,(enterobacterial common antigen)x4 core oligosaccharide lipid A
lcts_e,Lactose C12H22O11
btcoa_c,Butanoyl-CoA
tmao_p,Trimethylamine N-oxide
u3hga_c,UDP-3-O-(3-hydroxytetradecanoyl)-D-glucosamine
tdcoa_c,Tetradecanoyl-CoA (n-C14:0CoA)
udpglcur_e,UDP-D-glucuronate
hxa_p,Hexanoate (n-C6:0)
murein3px3p_p,"Two disacharide linked murein units, tripeptide crosslinked tripeptide (A2pm->A2pm) (middle of chain)"
3hcpalm9eACP_c,(R)-3-hydroxy-cis-palm-9-eoyl-[acyl-carrier protein]
dca_e,Decanoate (n-C10:0)
mobd_p,Molybdate
malt6p_c,Maltose 6'-phosphate
met__L_p,L-Methionine
g1p_p,D-Glucose 1-phosphate
ser__L_p,L-Serine
3ocpalm9eACP_c,3-oxo-cis-palm-9-eoyl-[acyl-carrier protein]
2ddecg3p_c,2-dodecanoyl-sn-glycerol 3-phosphate
anhgm3p_c,N-Acetyl-D-glucosamine(anhydrous)N-Acetylmuramyl-tripeptide
1agpe161_p,1-Acyl-sn-glycero-3-phosphoethanolamine (n-C16:1)
octa_p,Octanoate (n-C8:0)
ggagicolipa_c,Glucosyl-galactosyl-glucosyl-inner core oligosaccharide lipid A
chtbs_e,"N,N'-diacetylchitobiose"
dopa_e,Dopamine
ppa_p,Propionate (n-C3:0)
msa_c,Malonate semialdehyde
pser__L_p,O-Phospho-L-serine
slnt_c,Selenite
isetac_e,Isethionic acid
fe3dhbzs_p,"Ferric 2,3-dihydroxybenzoylserine"
cpgn_c,Coprogen
butACP_c,Butyryl-ACP (n-C4:0ACP)
metglcur_e,1-O-methyl-Beta-D-glucuronate
cu_e,Cu+
dgsn_c,Deoxyguanosine
1hdec9eg3p_c,1-hexadec-9-enoyl-sn-glycerol 3-phosphate
cdpdtdecg_c,"CDP-1,2-ditetradecanoylglycerol"
pe181_c,"Phosphatidylethanolamine (dioctadec-11-enoyl, n-C18:1)"
dttp_c,DTTP C10H13N2O14P3
pe120_c,"Phosphatidylethanolamine (didodecanoyl, n-C12:0)"
but_c,Butyrate (n-C4:0)
pe160_p,"Phosphatidylethanolamine (dihexadecanoyl, n-C16:0)"
pg160_p,"Phosphatidylglycerol (dihexadecanoyl, n-C16:0)"
2agpg160_c,2-Acyl-sn-glycero-3-phosphoglycerol (n-C16:0)
glutrna_c,L-Glutamyl-tRNA(Glu)
pa120_p,"1,2-didodecanoyl-sn-glycerol 3-phosphate"
adn_e,Adenosine
3otdcoa_c,3-Oxotetradecanoyl-CoA
ddcap_c,Dodecanoly-phosphate (n-C12:0)
3hhdcoa_c,(S)-3-Hydroxyhexadecanoyl-CoA
octdp_c,All-trans-Octaprenyl diphosphate
hdcap_c,Hexadecanoyl-phosphate (n-C16:0)
cinnm_c,Trans-Cinnamate
hx2coa_c,Trans-Hex-2-enoyl-CoA
egmeACP_c,Enoylglutaryl-[acyl-carrier protein] methyl ester
uacmam_c,UDP-N-acetyl-D-mannosamine
arbt6p_c,Arbutin 6-phosphate
cph4_c,"6-carboxy-5,6,7,8-tetrahydropterin"
ttdca_c,Tetradecanoate (n-C14:0)
glycogen_c,Glycogen C6H10O5
iscu_2fe2s2_c,IscU with two bound [2Fe-2S] clusters
ahcys_c,S-Adenosyl-L-homocysteine
pydx_c,Pyridoxal
tma_p,Trimethylamine
fe3dcit_e,Fe(III)dicitrate
thmnp_c,Tetrahydromonapterin
fe3hox_un_c,"Fe(III)hydoxamate, unloaded"
lac__D_e,D-Lactate
trdox_c,Oxidized thioredoxin
2mcacn_c,Cis-2-Methylaconitate
damp_e,DAMP C10H12N5O6P
5mtr_c,5-Methylthio-D-ribose
o16a4und_p,(O16 antigen)x4 undecaprenyl diphosphate
aconm_c,E-3-carboxy-2-pentenedioate 6-methyl ester
adn_p,Adenosine
3ig3p_c,C'-(3-Indolyl)-glycerol 3-phosphate
asn__L_p,L-Asparagine
n2o_c,Nitrous oxide
sl26da_c,"N-Succinyl-LL-2,6-diaminoheptanedioate"
hg2_e,Mercury  charged 2  Hg
dgsn_p,Deoxyguanosine
3hoctACP_c,(R)-3-Hydroxyoctanoyl-[acyl-carrier protein]
dctp_c,DCTP C9H12N3O13P3
toctd2eACP_c,Trans-octadec-2-enoyl-[acyl-carrier protein]
manglyc_p,2(alpha-D-Mannosyl)-D-glycerate
dms_p,Dimethyl sulfide
din_c,Deoxyinosine
h2s_p,Hydrogen sulfide
dsbcox_p,Protein disulfide isomerase II (oxidized)
ichor_c,Isochorismate
clpn160_p,"Cardiolipin (tetrahexadecanoyl, n-C16:0)"
clpn181_p,"Cardiolipin (tetraoctadec-11-enoyl, n-C18:1)"
feoxam_e,Generic ferrioxamine-Fe-III
lipoate_e,Lipoate
pacald_c,Phenylacetaldehyde
arbt_p,Arbutin C12H16O7
cpppg3_c,Coproporphyrinogen III
ttdceap_c,Tetradecanoyl-phosphate (n-C14:1)
cpmp_c,Cyclic pyranopterin monophosphate
isetac_c,Isethionic acid
anhgm4p_c,N-Acetyl-D-glucosamine(anhydrous)N-Acetylmuramyl-tetrapeptide
3ohcoa_c,3-Oxohexanoyl-CoA
gggagicolipa_c,Glucosyl-glucosyl-galactosyl-glucosyl-inner core oligosaccharide lipid A
doxrbcn_e,Doxorubicin
dxylnt_p,D-Xylonate
ser__D_e,D-Serine
2hptcoa_c,"2-hydroxycyclohepta-1,4,6-triene-1-carboxyl-CoA"
grxrd_c,Glutaredoxin (reduced)
so2_e,Sulfur dioxide
ohpb_c,2-Oxo-3-hydroxy-4-phosphobutanoate
cys__D_c,D-Cysteine
pa161_c,"1,2-dihexadec-9-enoyl-sn-glycerol 3-phosphate"
ru5p__D_c,D-Ribulose 5-phosphate
23dhmb_c,"(R)-2,3-Dihydroxy-3-methylbutanoate"
amp_e,AMP C10H12N5O7P
galur_c,D-Galacturonate
arab__L_e,L-Arabinose
pgp140_c,"Phosphatidylglycerophosphate (ditetradecanoyl, n-C14:0)"
o2s_c,Superoxide anion
pgp161_c,"Phosphatidylglycerophosphate (dihexadec-9-enoyl, n-C16:1)"
ps180_c,"Phosphatidylserine (dioctadecanoyl, n-C18:0)"
lald__L_c,L-Lactaldehyde
ugmd_c,"UDP-N-acetylmuramoyl-L-alanyl-D-gamma-glutamyl-meso-2,6-diaminopimelate"
6hmhpt_c,6-hydroxymethyl dihydropterin
ppcoa_c,Propanoyl-CoA
pe141_c,"Phosphatidylethanolamine (ditetradec-7-enoyl, n-C14:1)"
cpg160_c,"Cyclopropane phosphatidylglycerol (dihexadec-9,10-cyclo-anoyl, n-C16:0 cyclo)"
fecrm_c,Ferrichrome
adocbi_c,Adenosyl cobinamide
ile__L_p,L-Isoleucine
acac_c,Acetoacetate
crn__D_e,D-Carnitine
acmanap_c,N-Acetyl-D-mannosamine 6-phosphate
nmn_p,NMN C11H14N2O8P
pppn_e,Phenylpropanoate
13ppd_c,"1,3-Propanediol"
hxan_p,Hypoxanthine
pran_c,N-(5-Phospho-D-ribosyl)anthranilate
3hcinnm_e,3-hydroxycinnamic acid
gsn_c,Guanosine
metsox_R__L_p,L-methionine-R-sulfoxide
ins_c,Inosine
tmao_c,Trimethylamine N-oxide
tsul_c,Thiosulfate
23cgmp_p,"2',3'-Cyclic GMP"
man6pglyc_c,2(alpha-D-Mannosyl-6-phosphate)-D-glycerate
ura_c,Uracil
LalaDgluMdap_e,"L-alanine-D-glutamate-meso-2,6-diaminoheptanedioate"
chol_e,Choline C5H14NO
gly_e,Glycine
oxam_c,Oxamate
dha_p,Dihydroxyacetone
cgly_p,Cys Gly C5H10N2O3S
LalaDgluMdapDala_c,"L-alanine-D-glutamate-meso-2,6-diaminoheptanedioate-D-alanine"
8aonn_c,8-Amino-7-oxononanoate
2hdecg3p_c,2-hexadecanoyl-sn-glycerol 3-phosphate
pdx5p_c,Pyridoxine 5'-phosphate
colipa_p,Core oligosaccharide lipid A
23doguln_c,"2,3-Dioxo-L-gulonate"
1agpg160_p,1-Acyl-sn-glycero-3-phosphoglycerol (n-C16:0)
tmao_e,Trimethylamine N-oxide
colipa_e,Core oligosaccharide lipid A
glyc2p_p,Glycerol 2-phosphate
4abzglu_p,4-aminobenzoyl-glutamate
pe141_p,"Phosphatidylethanolamine (ditetradec-7-enoyl, n-C14:1)"
acac_p,Acetoacetate
34dhpha_c,3-4-Dihydroxyphenylacetate
but_p,Butyrate (n-C4:0)
34dhpac_p,"3,4-Dihydroxyphenylacetaldehyde"
lipa_e,KDO(2)-lipid (A)
pe181_p,"Phosphatidylethanolamine (dioctadec-11-enoyl, n-C18:1)"
12dgr140_p,"1,2-Diacyl-sn-glycerol (ditetradecanoyl, n-C14:0)"
2hdecg3p_p,2-hexadecanoyl-sn-glycerol 3-phosphate
glcn_c,D-Gluconate
oxadpcoa_c,3-Oxoadipyl-CoA
enlipa_e,Phosphoethanolamine KDO(2)-lipid (A)
n2o_e,Nitrous oxide
mptamp_c,Adenylated molybdopterin
paps_c,3'-Phosphoadenylyl sulfate
cobalt2_c,Co2+
utp_c,UTP C9H11N2O15P3
cobalt2_p,Co2+
dhor__S_c,(S)-Dihydroorotate
mmet_p,S-Methyl-L-methionine
aso3_e,Arsenite
glyc_e,Glycerol
adn_c,Adenosine
4mop_c,4-Methyl-2-oxopentanoate
gal1p_c,Alpha-D-Galactose 1-phosphate
dsbgox_p,Periplasmic disulfide isomerase/thiol-disulphide oxidase (oxidized)
2me4p_c,2-C-methyl-D-erythritol 4-phosphate
pg140_p,"Phosphatidylglycerol (ditetradecanoyl, n-C14:0)"
dann_c,"7,8-Diaminononanoate"
tre_c,Trehalose
gdpmann_c,GDP-D-mannose
2h3oppan_c,2-Hydroxy-3-oxopropanoate
hpyr_c,Hydroxypyruvate
2agpg181_c,2-Acyl-sn-glycero-3-phosphoglycerol (n-C18:1)
apg120_c,Acyl phosphatidylglycerol (n-C12:0)
apg160_c,Acyl phosphatidylglycerol (n-C16:0)
dad_2_e,Deoxyadenosine
mchtbs6p_c,N-monoacetylchitobiose 6'-phosphate
fdp_c,"D-Fructose 1,6-bisphosphate"
mthgxl_c,Methylglyoxal
tartr__L_e,L-tartrate
cbi_c,Cobinamide
octa_e,Octanoate (n-C8:0)
thym_e,Thymine C5H6N2O2
gdp_e,GDP C10H12N5O11P2
rmn_c,L-Rhamnose
dtmp_c,DTMP C10H13N2O8P
dmso_p,Dimethyl sulfoxide
fecrm_p,Ferrichrome
gdp_p,GDP C10H12N5O11P2
gdp_c,GDP C10H12N5O11P2
ins_p,Inosine
man_c,D-Mannose
uaagmda_c,"Undecaprenyl-diphospho-N-acetylmuramoyl-(N-acetylglucosamine)-L-ala-D-glu-meso-2,6-diaminopimeloyl-D-ala-D-ala"
4hoxpacd_e,4-Hydroxyphenylacetaldehyde
acser_p,O-Acetyl-L-serine
k_c,Potassium
o2_p,O2 O2
ala_B_p,Beta-Alanine
cbi_e,Cobinamide
tungs_p,Tungstate
crn_e,L-Carnitine
dtmp_e,DTMP C10H13N2O8P
fe2_c,Fe2+ mitochondria
cdpdodecg_c,"CDP-1,2-dioctadecanoylglycerol"
ps140_c,"Phosphatidylserine (ditetradecanoyl, n-C14:0)"
12dgr160_c,"1,2-Diacyl-sn-glycerol (dihexadecanoyl, n-C16:0)"
2tdecg3p_c,2-tetradecanoyl-sn-glycerol 3-phosphate
thm_e,Thiamin
glyald_e,D-Glyceraldehyde
12dgr181_c,"1,2-Diacyl-sn-glycerol (dioctadec-11-enoyl, n-C18:1)"
indole_e,Indole
2tdec7eg3p_c,2-tetradec-7-enoyl-sn-glycerol 3-phosphate
dsbcrd_p,Protein disulfide isomerase II (reduced)
bmocogdp_c,Bis-molybdopterin guanine dinucleotide
mg2_e,Magnesium
pgp181_p,"Phosphatidylglycerophosphate (dioctadec-11-enoyl, n-C18:1)"
mththf_e,"(2R,4S)-2-methyl-2,3,3,4-tetrahydroxytetrahydrofuran"
dhptdp_c,"(4S)-4-hydroxy-5-phosphonooxypentane-2,3-dione"
orot_p,Orotate C5H3N2O4
LalaDglu_p,L-alanine-D-glutamate
cdigmp_c,Cyclic diguanosine monophosphate
uri_c,Uridine
dad_2_c,Deoxyadenosine
datp_c,DATP C10H12N5O12P3
cholate_c,Cholate c
3hhcoa_c,(S)-3-Hydroxyhexanoyl-CoA
34dphacoa_c,"3,4-dihydroxyphenylacetyl-CoA"
puacgam_c,"Poly-?-1,6-N-acetyl-D-glucosamine"
ppi_c,Diphosphate
nadp_c,Nicotinamide adenine dinucleotide phosphate
S2hglut_c,(S)-2-Hydroxyglutarate
glyclt_p,Glycolate C2H3O3
metglcur_p,1-O-methyl-Beta-D-glucuronate
xtsn_p,Xanthosine
glu__L_c,L-Glutamate
g1p_c,D-Glucose 1-phosphate
fum_c,Fumarate
akg_p,2-Oxoglutarate
acorn_c,N2-Acetyl-L-ornithine
frulys_c,Fructoselysine
spmd_c,Spermidine
glu5sa_c,L-Glutamate 5-semialdehyde
ile__L_c,L-Isoleucine
g3pg_e,Glycerophosphoglycerol
2dhp_c,2-Dehydropantoate
ocACP_c,Octanoyl-ACP (n-C8:0ACP)
ttdcea_p,Tetradecenoate (n-C14:1)
3dhq_c,3-Dehydroquinate
hisp_c,L-Histidinol phosphate
aacoa_c,Acetoacetyl-CoA
2agpe160_c,2-Acyl-sn-glycero-3-phosphoethanolamine (n-C16:0)
so4_e,Sulfate
hemeO_c,Heme O C49H56FeN4O5
orn_e,Ornithine
kdo2lipid4_p,KDO(2)-lipid IV(A)
4abut_e,4-Aminobutanoate
athtp_c,Adenosine thiamine triphosphate
galt1p_c,Galactitol 1-phosphate
glu__L_e,L-Glutamate
ppa_c,Propionate (n-C3:0)
3ohodcoa_c,3-Oxooctadecanoyl-CoA
2oph_c,2-Octaprenylphenol
taur_c,Taurine C2H7NO3S
ckdo_c,CMP-3-deoxy-D-manno-octulosonate
uamag_c,UDP-N-acetylmuramoyl-L-alanyl-D-glutamate
23dhbzs3_c,2-3-dihydroxybenzoylserine trimer
glcr_c,D-Glucarate
dhpt_c,Dihydropteroate
sqg_c,1-(?-D-sulfoquinovosyl)glycerol
gmhep7p_c,D-Glycero-D-manno-heptose 7-phosphate
fad_p,Flavin adenine dinucleotide oxidized
manglyc_e,2(alpha-D-Mannosyl)-D-glycerate
ascb__L_p,L-Ascorbate
od2coa_c,Trans-Octadec-2-enoyl-CoA
idon__L_p,L-Idonate
urea_p,Urea CH4N2O
rhmn_c,L-rhamnonate
cbp_c,Carbamoyl phosphate
agm_p,Agmatine
3mob_c,3-Methyl-2-oxobutanoate
suchms_c,O-Succinyl-L-homoserine
gicolipa_c,Glucosyl-inner core oligosaccharide lipid A
halipa_e,Hepta-acylated KDO(2)-lipid (A)
chol_p,Choline C5H14NO
butso3_c,Butanesulfonate
dcyt_c,Deoxycytidine
3hpppn_p,3-(3-hydroxy-phenyl)propionate
dc2coa_c,Trans-Dec-2-enoyl-CoA
lipoate_p,Lipoate
minohp_p,Myo-Inositol hexakisphosphate
2agpg120_p,2-Acyl-sn-glycero-3-phosphoglycerol (n-C12:0)
dcmp_p,DCMP C9H12N3O7P
2agpg180_p,2-Acyl-sn-glycero-3-phosphoglycerol (n-C18:0)
acglc__D_c,6-Acetyl-D-glucose
eca3und_p,(enterobacterial common antigen)x3 undecaprenyl-diphosphate
r5p_p,Alpha-D-Ribose 5-phosphate
1agpe120_p,1-Acyl-sn-glycero-3-phosphoethanolamine (n-C12:0)
ragund_c,Rhamanosyl-N-acetylglucosamyl-undecaprenyl diphosphate
oxa_c,Oxalate
r5p_e,Alpha-D-Ribose 5-phosphate
no_p,Nitric oxide
acser_e,O-Acetyl-L-serine
dxylnt_e,D-Xylonate
murein4p4p_p,"Two linked disacharide tetrapeptide murein units (uncrosslinked, middle of chain)"
nalme_c,N-?-acetyl lysine methyl ester
mn2_p,Manganese
tpalm2eACP_c,Trans-Hexadec-2-enoyl-[acyl-carrier protein]
3hpalmACP_c,R-3-hydroxypalmitoyl-[acyl-carrier protein]
12dgr140_c,"1,2-Diacyl-sn-glycerol (ditetradecanoyl, n-C14:0)"
udpg_c,UDPglucose
gln__L_c,L-Glutamine
pgp160_c,"Phosphatidylglycerophosphate (dihexadecanoyl, n-C16:0)"
3c3hmp_c,3-Carboxy-3-hydroxy-4-methylpentanoate
apg161_c,Acyl phosphatidylglycerol (n-C16:1)
pe160_c,"Phosphatidylethanolamine (dihexadecanoyl, n-C16:0)"
tartr__D_e,D-tartrate
anth_c,Anthranilate
enlipa_p,Phosphoethanolamine KDO(2)-lipid (A)
pap_c,"Adenosine 3',5'-bisphosphate"
pg181_p,"Phosphatidylglycerol (dioctadec-11-enoyl, n-C18:1)"
xmp_c,Xanthosine 5'-phosphate
r2hglut_c,(R)-2-Hydroxyglutarate
thcur_c,Tetrahydrocurcumin
5phua_c,Phenylureidoacetic acid
ile__L_e,L-Isoleucine
nadhx__R_c,(R)-NADHX
2omhmbl_c,"2-Octaprenyl-3-methyl-5-hydroxy-6-methoxy-1,4-benzoquinol"
uppg3_c,Uroporphyrinogen III
3hocoa_c,(S)-3-Hydroxyoctanoyl-CoA
2cpr5p_c,1-(2-Carboxyphenylamino)-1-deoxy-D-ribulose 5-phosphate
uagmda_c,"Undecaprenyl-diphospho-N-acetylmuramoyl-L-alanyl-D-glutamyl-meso-2,6-diaminopimeloyl-D-alanyl-D-alanine"
5dh4dglc_c,5-Dehydro-4-deoxy-D-glucarate
dcmp_c,DCMP C9H12N3O7P
cechddd_c,"Cis-3-(3-carboxyethyl)-3,5-cyclohexadiene-1,2-diol"
25dkglcn_c,"2,5-diketo-D-gluconate"
his__L_e,L-Histidine
dgmp_c,DGMP C10H12N5O7P
hxan_e,Hypoxanthine
adphep_DD_c,ADP-D-glycero-D-manno-heptose
4mhetz_c,4-Methyl-5-(2-hydroxyethyl)-thiazole
h2s_e,Hydrogen sulfide
na1_e,Sodium
tyr__L_e,L-Tyrosine
acac_e,Acetoacetate
2dmmq8_c,2-Demethylmenaquinone 8
4adcho_c,4-amino-4-deoxychorismate
fmn_e,FMN C17H19N4O9P
cys__L_e,L-Cysteine
glyc3p_e,Glycerol 3-phosphate
rib__D_p,D-Ribose
26dap__M_e,"Meso-2,6-Diaminoheptanedioate"
xyl__D_p,D-Xylose
3hcinnm_c,3-hydroxycinnamic acid
inost_p,Myo-Inositol
pppn_c,Phenylpropanoate
ocdca_p,Octadecanoate (n-C18:0)
dtdp4aaddg_c,"DTDP-4-acetamido-4,6-dideoxy-D-galactose"
malthx_c,Maltohexaose
maltpt_c,Maltopentaose
g3ps_e,Glycerophosphoserine
acon_T_c,Trans-Aconitate
3gmp_p,Guanosine 3  phosphate C10H12N5O8P
maltttr_c,Maltotetraose
bbtcoa_c,Gamma-butyrobetainyl-CoA
duri_p,Deoxyuridine
anhgm4p_p,N-Acetyl-D-glucosamine(anhydrous)N-Acetylmuramyl-tetrapeptide
ddca_e,Dodecanoate (n-C12:0)
udpLa4n_c,Uridine 5''-diphospho-{beta}-4-deoxy-4-amino-L-arabinose
tartr__L_p,L-tartrate
octeACP_c,Cis-octadec-11-enoyl-[acyl-carrier protein] (n-C18:1)
26dap__M_p,"Meso-2,6-Diaminoheptanedioate"
hacolipa_e,Hepta-acylated core oligosaccharide lipid A (E. coli)
gtspmd_c,Glutathionylspermidine
o16aund_c,O16 antigen undecaprenyl diphosphate
o16aund_p,O16 antigen undecaprenyl diphosphate
3hhexACP_c,(R)-3-Hydroxyhexanoyl-[acyl-carrier protein]
adocbl_p,Adenosylcobalamin
acolipa_p,4-Amino-4-deoxy-L-arabinose modified core oligosaccharide lipid A
butso3_p,Butanesulfonate
cys__L_p,L-Cysteine
cpgn_un_c,Coprogen unloaded (no Fe(III))
ps161_c,"Phosphatidylserine (dihexadec-9-enoyl, n-C16:1)"
t3c5ddeceACP_c,Trans-3-cis-5-dodecenoyl-[acyl-carrier protein]
ps120_c,"Phosphatidylserine (didodecanoyl, n-C12:0)"
arbtn_fe3_p,Aerobactin
12dgr161_p,"1,2-Diacyl-sn-glycerol (dihexadec-9-enoyl, n-C16:1)"
progly_p,L-Prolinylglycine
orn_p,Ornithine
pa181_p,"1,2-dioctadec-11-enoyl-sn-glycerol 3-phosphate"
12dgr120_p,"1,2-Diacyl-sn-glycerol (didodecanoyl, n-C12:0)"
asp__L_p,L-Aspartate
pydam_p,Pyridoxamine
2agpe160_p,2-Acyl-sn-glycero-3-phosphoethanolamine (n-C16:0)
crn_p,L-Carnitine
2agpg140_c,2-Acyl-sn-glycero-3-phosphoglycerol (n-C14:0)
1hdecg3p_p,1-hexadecanoyl-sn-glycerol 3-phosphate
btn_p,Biotin
pro__L_p,L-Proline
ttdcap_c,Tetradecanoyl-phosphate (n-C14:0)
mal__D_p,D-Malate
co2_p,CO2 CO2
5dglcn_p,5-Dehydro-D-gluconate
fe3_c,Iron (Fe3+)
arbt_e,Arbutin C12H16O7
ch4_p,Methane
fad_e,Flavin adenine dinucleotide oxidized
fmn_p,FMN C17H19N4O9P
dhptdd_c,"3-hydroxy-5-phosphonooxypentane-2,4-dione"
quin_c,Quinate
sel_p,Selenate
epmeACP_c,Enoylpimeloyl-[acyl-carrier protein] methyl ester
dtgcl_c,2-hydroxyethyldisulfide
23dappa_c,"2,3-diaminopropionate"
cholate_p,Cholate c
mococdp_c,Molybdopterin cytosine dinucleotide
doxrbcn_p,Doxorubicin
dopa_p,Dopamine
ala__L_c,L-Alanine
g3pc_p,Sn-Glycero-3-phosphocholine
hco3_c,Bicarbonate
alaala_c,D-Alanyl-D-alanine
anhgm3p_p,N-Acetyl-D-glucosamine(anhydrous)N-Acetylmuramyl-tripeptide
spmd_p,Spermidine
phe__L_c,L-Phenylalanine
anhm4p_c,"1,6-anhydrous-N-Acetylmuramyl-tetrapeptide"
15dap_c,"1,5-Diaminopentane"
ni2_p,Nickel
ser__D_c,D-Serine
udcpp_p,Undecaprenyl phosphate
mlthf_c,"5,10-Methylenetetrahydrofolate"
xmp_p,Xanthosine 5'-phosphate
mg2_p,Magnesium
pacald_e,Phenylacetaldehyde
anhgm_c,N-Acetyl-D-glucosamine(anhydrous)N-Acetylmuramic acid
frdp_c,Farnesyl diphosphate
cyan_p,Hydrogen cyanide
pant__R_c,(R)-Pantoate
LalaDgluMdapDala_p,"L-alanine-D-glutamate-meso-2,6-diaminoheptanedioate-D-alanine"
mercppyr_c,Mercaptopyruvate
garagund_c,Glucosyl-O-acetyl-rhamanosyl-N-acetylglucosamyl-undecaprenyl diphosphate
glcur_c,D-Glucuronate
udpg_p,UDPglucose
inost_e,Myo-Inositol
fe3dhbzs_e,"Ferric 2,3-dihydroxybenzoylserine"
cytd_e,Cytidine
o16a3und_p,(O16 antigen)x3 undecaprenyl diphosphate
sulfac_p,Sulfoacetate
2dmmql8_c,2-Demethylmenaquinol 8
t3c7mrseACP_c,Trans-3-cis-7-myristoleoyl-[acyl-carrier protein]
g3pe_c,Sn-Glycero-3-phosphoethanolamine
cu2_c,Copper
t3c11vaceACP_c,Trans-3-cis-11-vacceoyl-[acyl-carrier protein]
tcynt_e,Thiocyanate
glyclt_e,Glycolate C2H3O3
pg180_c,"Phosphatidylglycerol (dioctadecanoyl, n-C18:0)"
12ppd__S_e,"(S)-Propane-1,2-diol"
14glucan_c,"1,4-alpha-D-glucan"
cdpdodec11eg_c,"CDP-1,2-dioctadec-11-enoylglycerol"
1pyr5c_c,1-Pyrroline-5-carboxylate
1agpe160_p,1-Acyl-sn-glycero-3-phosphoethanolamine (n-C16:0)
ppa_e,Propionate (n-C3:0)
pgp120_p,"Phosphatidylglycerophosphate (didodecanoyl, n-C12:0)"
chtbs6p_c,Diacetylchitobiose-6-phosphate
1agpg180_p,1-Acyl-sn-glycero-3-phosphoglycerol (n-C18:0)
acmum_p,N-Acetylmuramate
quin_p,Quinate
malttr_p,Maltotriose C18H32O16
psclys_c,Psicoselysine
slnt_e,Selenite
colipap_e,Core oligosaccharide lipid A diphosphate
acald_p,Acetaldehyde
moadcoo_c,MoaD Protein with carboxylate
gly_p,Glycine
dhgly_c,Dehydroglycine
lipopb_c,Lipoate (protein bound)
2ippm_c,2-Isopropylmaleate
ser__D_p,D-Serine
f_c,Fluoride
o2s_p,Superoxide anion
23cump_p,"2',3'-Cyclic UMP"
3psme_c,5-O-(1-Carboxyvinyl)-3-phosphoshikimate
imacp_c,3-(Imidazol-4-yl)-2-oxopropyl phosphate
3c2hmp_c,3-Carboxy-2-hydroxy-4-methylpentanoate
xan_e,Xanthine
udpLa4fn_c,Uridine 5''-diphospho-{beta}-4-deoxy-4-formamido-L-arabinose
pser__L_c,O-Phospho-L-serine
uacgam_e,UDP-N-acetyl-D-glucosamine
ttdcea_e,Tetradecenoate (n-C14:1)
4abut_c,4-Aminobutanoate
tma_c,Trimethylamine
ocdcaACP_c,Octadecanoyl-ACP (n-C18:0ACP)
pg160_c,"Phosphatidylglycerol (dihexadecanoyl, n-C16:0)"
gmp_c,GMP C10H12N5O8P
12dgr120_c,"1,2-Diacyl-sn-glycerol (didodecanoyl, n-C12:0)"
uama_c,UDP-N-acetylmuramoyl-L-alanine
trp__L_p,L-Tryptophan
gua_c,Guanine
lcts_p,Lactose C12H22O11
pa160_p,"1,2-dihexadecanoyl-sn-glycerol 3-phosphate"
udcpdp_c,Undecaprenyl diphosphate
2odec11eg3p_c,2-octadec-11-enoyl-sn-glycerol 3-phosphate
fruur_e,D-Fructuronate
glu__D_c,D-Glutamate
frulys_p,Fructoselysine
12ppd__R_p,"(R)-Propane-1,2-diol"
f6p_p,D-Fructose 6-phosphate
3ophb_c,3-Octaprenyl-4-hydroxybenzoate
kdo2lipid4_e,KDO(2)-lipid IV(A)
pmtcoa_c,Palmitoyl-CoA (n-C16:0CoA)
dump_e,DUMP C9H11N2O8P
3dhsk_c,3-Dehydroshikimate
3amp_p,3  AMP C10H12N5O7P
acACP_c,Acetyl-ACP
kphphhlipa_c,Kdo-phospho-heptosyl-phospho-heptosyl-heptosyl-kdo2-lipidA
5pg35pg_c,5-Phosphoguanylyl(3->5)guanosine
urate_p,Urate C5H4N4O3
udpgalfur_c,"UDP-D-galacto-1,4-furanose"
h2o_c,H2O H2O
gagicolipa_c,Galactosyl-glucosyl-inner core oligosaccharide lipid A
feenter_p,Fe-enterobactin
hg2_p,Mercury  charged 2  Hg
ala__D_c,D-Alanine
glcr_p,D-Glucarate
alac__S_c,(S)-2-Acetolactate
2amsa_c,2-Aminomalonate semialdehyde
dsbaox_p,Periplasmic protein disulfide isomerase I (oxidized)
tre_p,Trehalose
pa161_p,"1,2-dihexadec-9-enoyl-sn-glycerol 3-phosphate"
dcdp_c,DCDP C9H12N3O10P2
imp_e,IMP C10H11N4O8P
db4p_c,"3,4-dihydroxy-2-butanone 4-phosphate"
ca2_c,Calcium
feoxam_un_p,Ferroxamine minus Fe(3)
galctn__L_p,L-Galactonate
nmn_c,NMN C11H14N2O8P
gal1p_e,Alpha-D-Galactose 1-phosphate
gly_c,Glycine
2fe1s_c,[2Fe-1S] desulfurated iron-sulfur cluster
LalaDglu_c,L-alanine-D-glutamate
flxso_c,Flavodoxin semi oxidized
h2o2_c,Hydrogen peroxide
malcoa_c,Malonyl CoA C24H33N7O19P3S
fru_p,D-Fructose
xyl__D_e,D-Xylose
galctn__D_e,D-Galactonate
gal_c,D-Galactose
phom_c,O-Phospho-L-homoserine
glc__D_e,D-Glucose
indole_p,Indole
3odcoa_c,3-Oxodecanoyl-CoA
fmnh2_c,Reduced FMN
ppal_c,Propanal
ugmda_c,"UDP-N-acetylmuramoyl-L-alanyl-D-glutamyl-meso-2,6-diaminopimeloyl-D-alanyl-D-alanine"
12dgr161_c,"1,2-Diacyl-sn-glycerol (dihexadec-9-enoyl, n-C16:1)"
mobd_e,Molybdate
g3pi_e,Sn-Glycero-3-phospho-1-inositol
nh4_e,Ammonium
tartr__D_c,D-tartrate
g3pc_e,Sn-Glycero-3-phosphocholine
3oxdhscoa_c,"3-oxo-5,6-dehydrosuberyl-CoA"
23camp_p,"2',3'-Cyclic AMP"
idp_c,IDP C10H11N4O11P2
gslnt_c,Glutathiolselenolate
ahdt_c,"2-Amino-4-hydroxy-6-(erythro-1,2,3-trihydroxypropyl)dihydropteridine triphosphate"
uLa4n_c,Undecaprenyl phosphate-4-amino-4-deoxy-L-arabinose
hdca_e,Hexadecanoate (n-C16:0)
ampnt_c,Aminomethylphosphonate
cenchddd_c,"Cis-3-(3-carboxyethenyl)-3,5-cyclohexadiene-1,2-diol"
tyrp_p,Phosphotyrosine
ps181_c,"Phosphatidylserine (dioctadec-11-enoyl, n-C18:1)"
f6p_c,D-Fructose 6-phosphate
pgp140_p,"Phosphatidylglycerophosphate (ditetradecanoyl, n-C14:0)"
uacmamu_c,UDP-N-acetyl-D-mannosaminouronate
ametam_c,S-Adenosylmethioninamine
hxcoa_c,Hexanoyl-CoA (n-C6:0CoA)
2agpg141_c,2-Acyl-sn-glycero-3-phosphoglycerol (n-C14:1)
cynt_p,Cyanate
3hcinnm_p,3-hydroxycinnamic acid
2agpg161_c,2-Acyl-sn-glycero-3-phosphoglycerol (n-C16:1)
pphn_c,Prephenate
cysi__L_p,L Cystine C6H12N2O4S2
ura_p,Uracil
fald_e,Formaldehyde
prlp_c,5-[(5-phospho-1-deoxyribulos-1-ylamino)methylideneamino]-1-(5-phosphoribosyl)imidazole-4-carboxamide
uacgam_p,UDP-N-acetyl-D-glucosamine
2ddara_c,2-dehydro-3-deoxy-D-arabinonate
2mahmp_c,2-Methyl-4-amino-5-hydroxymethylpyrimidine diphosphate
s7p_c,Sedoheptulose 7-phosphate
prfp_c,1-(5-Phosphoribosyl)-5-[(5-phosphoribosylamino)methylideneamino]imidazole-4-carboxamide
murein5p5p5p_p,"Three linked disacharide pentapeptide murein units (uncrosslinked, middle of chain)"
nicrnt_c,Nicotinate D-ribonucleotide
murein4px4p_p,"Two disacharide linked murein units, tetrapeptide corsslinked tetrapeptide (A2pm->D-ala) (middle of chain)"
csn_e,Cytosine
tmrs2eACP_c,Trans-Tetradec-2-enoyl-[acyl-carrier protein]
o2_e,O2 O2
pe180_c,"Phosphatidylethanolamine (dioctadecanoyl, n-C18:0)"
kdo8p_c,3-Deoxy-D-manno-octulosonate 8-phosphate
succ_e,Succinate
ser__L_e,L-Serine
cpg180_c,"Cyclopropane phosphatidylglycerol (dioctadec-11,12-cyclo-anoyl, n-C18:0 cyclo)"
mql8_c,Menaquinol 8
pg120_p,"Phosphatidylglycerol (didodecanoyl, n-C12:0)"
amob_c,S-Adenosyl-4-methylthio-2-oxobutanoate
xtsn_e,Xanthosine
ttdca_e,Tetradecanoate (n-C14:0)
2hdec9eg3p_c,2-hexadec-9-enoyl-sn-glycerol 3-phosphate
5dglcn_c,5-Dehydro-D-gluconate
cl_c,Chloride
2oxpaccoa_c,2-oxepin-2(3H)-ylideneacetyl-CoA
mmcoa__S_c,(S)-Methylmalonyl-CoA
glyc__R_c,(R)-Glycerate
mmet_e,S-Methyl-L-methionine
dms_c,Dimethyl sulfide
g6p_c,D-Glucose 6-phosphate
N1aspmd_c,N1-Acetylspermidine
trdrd_c,Reduced thioredoxin
2dh3dgal_c,2-Dehydro-3-deoxy-D-galactonate
methf_c,"5,10-Methenyltetrahydrofolate"
ddcaACP_c,Dodecanoyl-ACP (n-C12:0ACP)
mnl1p_c,D-Mannitol 1-phosphate
agm_c,Agmatine
ala__L_p,L-Alanine
prpp_c,5-Phospho-alpha-D-ribose 1-diphosphate
hkndd_c,"2-Hydroxy-6-oxonona-2,4-diene-1,9-dioate"
galur_p,D-Galacturonate
all6p_c,D-Allose 6-phosphate
allul6p_c,Allulose 6-phosphate
histd_c,L-Histidinol
for_p,Formate
orot_c,Orotate C5H3N2O4
galt_p,Galactitol
fecrm_e,Ferrichrome
glc__D_p,D-Glucose
damp_c,DAMP C10H12N5O6P
fmn_c,FMN C17H19N4O9P
mal__D_e,D-Malate
3oddcoa_c,3-Oxododecanoyl-CoA
phe__L_p,L-Phenylalanine
g3pg_p,Glycerophosphoglycerol
tsul_p,Thiosulfate
trnaglu_c,TRNA (Glu)
ppgpp_c,"Guanosine 3',5'-bis(diphosphate)"
ins_e,Inosine
thm_p,Thiamin
ethso3_c,Ethanesulfonate
arbtn_fe3_e,Aerobactin
q8_c,Ubiquinone-8
acgam1p_p,N-Acetyl-D-glucosamine 1-phosphate
orn_c,Ornithine
cl_e,Chloride
stcoa_c,Stearoyl-CoA (n-C18:0CoA)
2ombzl_c,"2-Octaprenyl-6-methoxy-1,4-benzoquinol"
murein5px4p_p,"Two disacharide linked murein units, pentapeptide crosslinked tetrapeptide (A2pm->D-ala) (middle of chain)"
gthox_e,Oxidized glutathione
damp_p,DAMP C10H12N5O6P
dcaACP_c,Decanoyl-ACP (n-C10:0ACP)
3gmp_e,Guanosine 3  phosphate C10H12N5O8P
etha_c,Ethanolamine
3hcddec5eACP_c,(R)-3-hydroxy-cis-dodec-5-enoyl-[acyl-carrier protein]
betald_c,Betaine aldehyde
udpglcur_p,UDP-D-glucuronate
2agpg140_p,2-Acyl-sn-glycero-3-phosphoglycerol (n-C14:0)
tddec2eACP_c,Trans-Dodec-2-enoyl-[acyl-carrier protein]
hdca_c,Hexadecanoate (n-C16:0)
1agpe180_p,1-Acyl-sn-glycero-3-phosphoethanolamine (n-C18:0)
fgam_c,N2-Formyl-N1-(5-phospho-D-ribosyl)glycinamide
pe180_p,"Phosphatidylethanolamine (dioctadecanoyl, n-C18:0)"
1agpg141_p,1-Acyl-sn-glycero-3-phosphoglycerol (n-C14:1)
2agpe181_c,2-Acyl-sn-glycero-3-phosphoethanolamine (n-C18:1)
dd2coa_c,Trans-Dodec-2-enoyl-CoA
sufbcd_c,SufBCD scaffold complex
iasp_c,Iminoaspartate
3hpp_e,3-Hydroxypropanoate
nadphx__R_c,(R)-NADPHX
opmeACP_c,3-Oxo-pimeloyl-[acyl-carrier protein] methyl ester
meoh_p,Methanol
bwco1gdp_c,Tungsten bispterin cofactor mono-guanine dinucleotide
cit_c,Citrate
skm5p_c,Shikimate 5-phosphate
oaa_c,Oxaloacetate
td2coa_c,Trans-Tetradec-2-enoyl-CoA
acmet_c,N-Acetylmethionine
nadhx__S_c,"Adenosine 5'-(3-{5-[(2S)-5-carbamoyl-2-hydroxy-3,4-dihydropyridin-1-yl]-5-deoxy-?-D-ribofuranosyl} dihydrogen diphosphate)"
tre6p_c,"Alpha,alpha'-Trehalose 6-phosphate"
23dhmp_c,"(R)-2,3-Dihydroxy-3-methylpentanoate"
tagur_c,D-Tagaturonate
man6p_c,D-Mannose 6-phosphate
acgam_e,N-Acetyl-D-glucosamine
hmbil_c,Hydroxymethylbilane
no3_e,Nitrate
fprica_c,5-Formamido-1-(5-phospho-D-ribosyl)imidazole-4-carboxamide
ara5p_c,D-Arabinose 5-phosphate
pnto__R_e,(R)-Pantothenate
dtdprmn_c,DTDP-L-rhamnose
mana_c,D-Mannonate
3dhguln_c,3-Dehydro-L-gulonate
kdo_c,3-Deoxy-D-manno-2-octulosonate
glcn_e,D-Gluconate
duri_e,Deoxyuridine
hqn_c,Hydroquinone
lipidA_c,"2,3,2'3'-Tetrakis(beta-hydroxymyristoyl)-D-glucosaminyl-1,6-beta-D-glucosamine 1,4'-bisphosphate"
glucys_c,Gamma-L-Glutamyl-L-cysteine
2omph_c,2-Octaprenyl-6-methoxyphenol
sbt6p_c,D-Sorbitol 6-phosphate
scl_c,Sirohydrochlorin
minohp_e,Myo-Inositol hexakisphosphate
pppg9_c,Protoporphyrinogen IX
csn_c,Cytosine
acnam_e,N-Acetylneuraminate
ac_p,Acetate
ap5a_c,"P1,P5-Bis(5'-adenosyl) pentaphosphate"
malthx_p,Maltohexaose
cgly_e,Cys Gly C5H10N2O3S
inost_c,Myo-Inositol
seln_c,Selenide
gmhep1p_c,D-Glycero-D-manno-heptose 1-phosphate
fecrm_un_p,Ferrichrome minus Fe(III)
apoACP_c,Apoprotein [acyl carrier protein]
o16a4colipa_p,(O16 antigen)x4 core oligosaccharide lipid A
ttdcea_c,Tetradecenoate (n-C14:1)
ump_e,UMP C9H11N2O9P
ni2_e,Nickel
aso3_p,Arsenite
enter_p,Enterochelin
thrp_p,L-Threonine O-3-phosphate
cys__D_p,D-Cysteine
ch4_e,Methane
o2s_e,Superoxide anion
murein5px4px4p_p,Three disacharide linked murein units (pentapeptide crosslinked tetrapeptide (A2pm->D-ala) tetrapeptide corsslinked tetrapeptide (A2pm->D-ala)) (middle of chain)
ag_c,Silver
3cmp_p,3  CMP C9H12N3O8P
1ddecg3p_c,1-dodecanoyl-sn-glycerol 3-phosphate
pg141_c,"Phosphatidylglycerol (ditetradec-7-enoyl, n-C14:1)"
crn__D_c,D-Carnitine
pa120_c,"1,2-didodecanoyl-sn-glycerol 3-phosphate"
pe161_p,"Phosphatidylethanolamine (dihexadec-9enoyl, n-C16:1)"
gthox_p,Oxidized glutathione
udpgal_e,UDPgalactose
2agpe161_c,2-Acyl-sn-glycero-3-phosphoethanolamine (n-C16:1)
pg180_p,"Phosphatidylglycerol (dioctadecanoyl, n-C18:0)"
udpacgal_p,UDP-N-acetyl-D-galactosamine
2odec11eg3p_p,2-octadec-11-enoyl-sn-glycerol 3-phosphate
12ppd__R_e,"(R)-Propane-1,2-diol"
forcoa_c,Formyl-CoA(4-)
glyc2p_e,Glycerol 2-phosphate
moadcosh_c,MoaD Protein with thiocarboxylate
1agpe140_p,1-Acyl-sn-glycero-3-phosphoethanolamine (n-C14:0)
murein5p3p_p,"Two linked disacharide pentapeptide and tripeptide murein units (uncrosslinked, middle of chain)"
rephaccoa_c,"Ring 1,2-epoxyphenylacetyl-CoA"
ttrcyc_e,Tetracycline
pa180_c,"1,2-dioctadecanoyl-sn-glycerol 3-phosphate"
his__L_c,L-Histidine
2fe2s_c,[2Fe-2S] iron-sulfur cluster
didp_c,DIDP; 2'-deoxyinosine-5'-diphosphate(3-)
23doguln_p,"2,3-Dioxo-L-gulonate"
ribflv_c,Riboflavin C17H20N4O6
pg161_p,"Phosphatidylglycerol (dihexadec-9-enoyl, n-C16:1)"
lac__L_e,L-Lactate
so4_c,Sulfate
6pgl_c,"6-phospho-D-glucono-1,5-lactone"
2agpg141_p,2-Acyl-sn-glycero-3-phosphoglycerol (n-C14:1)
ptrc_c,Putrescine
2dda7p_c,2-Dehydro-3-deoxy-D-arabino-heptonate 7-phosphate
itp_c,ITP C10H11N4O14P3
1hdec9eg3p_p,1-hexadec-9-enoyl-sn-glycerol 3-phosphate
2mcit_c,2-Methylcitrate
sl2a6o_c,N-Succinyl-2-L-amino-6-oxoheptanedioate
iscu_4fe4s_c,IscU with bound [4Fe-4S] cluster
cmp_c,CMP C9H12N3O8P
dtdpglu_c,DTDPglucose
cm_p,Chloramphenicol
g3pi_c,Sn-Glycero-3-phospho-1-inositol
gtp_c,GTP C10H12N5O14P3
cur_c,Curcumin
uacgam_c,UDP-N-acetyl-D-glucosamine
uaccg_c,UDP-N-acetyl-3-O-(1-carboxyvinyl)-D-glucosamine
lipidAds_c,Lipid A Disaccharide
h2mb4p_c,1-hydroxy-2-methyl-2-(E)-butenyl 4-diphosphate
galct__D_p,D-Galactarate
glcur_p,D-Glucuronate
prcp_c,"5-phospho-?-D-ribose 1,2-cyclic phosphate"
maltpt_p,Maltopentaose
fc1p_c,L-Fuculose 1-phosphate
btn_c,Biotin
so4_p,Sulfate
succ_c,Succinate
feoxam_un_c,Ferroxamine minus Fe(3)
cbl1_e,Cob(I)alamin
gam6p_c,D-Glucosamine 6-phosphate
xylu__L_c,L-Xylulose
mso3_c,Methanesulfonate
aps_c,Adenosine 5'-phosphosulfate
Sfglutth_c,S-Formylglutathione
xylu__L_e,L-Xylulose
arg__L_p,L-Arginine
thdp_c,"2,3,4,5-Tetrahydrodipicolinate"
gam_p,D-Glucosamine
pe140_c,"Phosphatidylethanolamine (ditetradecanoyl, n-C14:0)"
pgp120_c,"Phosphatidylglycerophosphate (didodecanoyl, n-C12:0)"
cdp_c,CDP C9H12N3O11P2
clpn180_p,"Cardiolipin (tetraoctadecanoyl, n-C18:0)"
glyb_p,Glycine betaine
ipdp_c,Isopentenyl diphosphate
lac__L_p,L-Lactate
2agpe180_p,2-Acyl-sn-glycero-3-phosphoethanolamine (n-C18:0)
ppbng_c,Porphobilinogen
gam6p_p,D-Glucosamine 6-phosphate
meoh_c,Methanol
pydx_e,Pyridoxal
metsox_R__L_c,L-methionine-R-sulfoxide
pheme_c,Protoheme C34H30FeN4O4
hmgth_c,Hydroxymethylglutathione
fe3dcit_c,Fe(III)dicitrate
gua_e,Guanine
4hthr_c,4-Hydroxy-L-threonine
sel_e,Selenate
12ppd__S_c,"(S)-Propane-1,2-diol"
glyc__R_e,(R)-Glycerate
2ohph_c,2-Octaprenyl-6-hydroxyphenol
eca4colipa_e,(enterobacterial common antigen)x4 core oligosaccharide lipid A
2dglc_p,2 Deoxy D glucose C6H12O5
sucglu_c,N2-Succinyl-L-glutamate
no_c,Nitric oxide
cyan_e,Hydrogen cyanide
op4en_c,2-Oxopent-4-enoate
hom__L_p,L-Homoserine
nadph_c,Nicotinamide adenine dinucleotide phosphate - reduced
dmso_c,Dimethyl sulfoxide
acglu_c,N-Acetyl-L-glutamate
3hddecACP_c,(R)-3-Hydroxydodecanoyl-[acyl-carrier protein]
2obut_c,2-Oxobutanoate
dtdp4d6dm_c,DTDP-4-dehydro-6-deoxy-L-mannose
dmpp_c,Dimethylallyl diphosphate
cddec5eACP_c,Cis-dodec-5-enoyl-[acyl-carrier protein] (n-C12:1)
gthrd_p,Reduced glutathione
malttr_c,Maltotriose C18H32O16
1odec11eg3p_p,1-octadec-11-enoyl-sn-glycerol 3-phosphate
rbflvrd_c,Reduced riboflavin
sucarg_c,N2-Succinyl-L-arginine
tagdp__D_c,"D-Tagatose 1,6-biphosphate"
iscu_c,IscU scaffold protein
arab__L_p,L-Arabinose
cxsam_c,Carboxy-S-adenosyl-L-methionine
crn_c,L-Carnitine
gsn_p,Guanosine
dnad_c,Deamino-NAD+
mteo2_c,Methanetelluronate
glyc_c,Glycerol
no3_p,Nitrate
val__L_c,L-Valine
pro__L_c,L-Proline
ddca_p,Dodecanoate (n-C12:0)
ala_B_e,Beta-Alanine
cbasp_c,N-Carbamoyl-L-aspartate
mobd_c,Molybdate
mqn8_c,Menaquinone 8
lac__D_p,D-Lactate
fecrm_un_e,Ferrichrome minus Fe(III)
ala__D_p,D-Alanine
fuc__L_e,L-Fucose
malACP_c,Malonyl-[acyl-carrier protein]
malthp_c,Maltoheptaose
tsul_e,Thiosulfate
lipa_cold_c,Cold adapted KDO(2)-lipid (A)
3cmp_e,3  CMP C9H12N3O8P
sarcs_c,Sarcosine C3H7NO2
butso3_e,Butanesulfonate
ptrc_e,Putrescine
acgal1p_p,N-Acetyl-D-galactosamine 1-phosphate
hxa_e,Hexanoate (n-C6:0)
3hpppn_c,3-(3-hydroxy-phenyl)propionate
fe3hox_c,Fe(III)hydroxamate
acgal1p_e,N-Acetyl-D-galactosamine 1-phosphate
leu__L_p,L-Leucine
malthx_e,Maltohexaose
lyx__L_p,L-Lyxose
3sala_c,3-Sulfino-L-alanine
feoxam_p,Generic ferrioxamine-Fe-III
3hdecACP_c,(R)-3-Hydroxydecanoyl-[acyl-carrier protein]
taur_p,Taurine C2H7NO3S
cdec3eACP_c,Cis-dec-3-enoyl-[acyl-carrier protein] (n-C10:1)
3hcmrs7eACP_c,(R)-3-hydroxy-cis-myristol-7-eoyl-[acyl-carrier protein]
h2o2_p,Hydrogen peroxide
glu__L_p,L-Glutamate
dimp_e,DIMP C10H12N4O7P
3ump_e,3  UMP C9H11N2O9P
pe161_c,"Phosphatidylethanolamine (dihexadec-9enoyl, n-C16:1)"
2odecg3p_p,2-octadecanoyl-sn-glycerol 3-phosphate
nac_p,Nicotinate
1tdecg3p_p,1-tetradecanoyl-sn-glycerol 3-phosphate
anhgm_p,N-Acetyl-D-glucosamine(anhydrous)N-Acetylmuramic acid
udpLa4o_c,UDP-4-keto-pyranose
ethso3_e,Ethanesulfonate
psclys_e,Psicoselysine
unagamuf_p,"Undecaprenyl-diphospho N-acetylglucosamine-N-acetylmannosaminuronate-N-acetamido-4,6-dideoxy-D-galactose"
tartr__D_p,D-tartrate
n2o_p,Nitrous oxide
udpgal_p,UDPgalactose
gfgaragund_c,Galactofuranosyl-glucosyl-O-acetyl-rhamanosyl-N-acetylglucosamyl-undecaprenyl diphosphate
3oddecACP_c,3-Oxododecanoyl-[acyl-carrier protein]
na15dap_c,"N-3-aminopropyl-1,5-diaminopentane"
quin_e,Quinate
glyc__R_p,(R)-Glycerate
3amac_c,3-Aminoacrylate
pg181_c,"Phosphatidylglycerol (dioctadec-11-enoyl, n-C18:1)"
ethso3_p,Ethanesulfonate
12dgr141_c,"1,2-Diacyl-sn-glycerol (ditetradec-7-enoyl, n-C14:1)"
lipoate_c,Lipoate
3ooctdACP_c,3-Oxooctadecanoyl-[acyl-carrier protein]
but2eACP_c,But-2-enoyl-[acyl-carrier protein]
pgp161_p,"Phosphatidylglycerophosphate (dihexadec-9-enoyl, n-C16:1)"
fe3dhbzs3_c,2-3-dihydroxybenzoylserine trimer-Fe-III
12dgr180_c,"1,2-Diacyl-sn-glycerol (dioctadecanoyl, n-C18:0)"
psuri_e,Pseudouridine
ddca_c,Dodecanoate (n-C12:0)
pyr_c,Pyruvate
xdp_c,XDP
dump_c,DUMP C9H11N2O8P
acon_C_c,Cis-Aconitate
dsbgrd_p,Periplasmic disulfide isomerase/thiol-disulphide oxidase (reduced)
23dhacoa_c,"2,3-dehydroadipyl-CoA"
4mpetz_c,4-Methyl-5-(2-phosphoethyl)-thiazole
ppal_e,Propanal
ru5p__L_c,L-Ribulose 5-phosphate
sucr_e,Sucrose C12H22O11
3hadpcoa_c,(3S)-3-Hydroxyadipyl-CoA
ocdcap_c,Octadecanoyl-phosphate (n-C18:0)
lac__L_c,L-Lactate
mal__D_c,D-Malate
acolipa_e,4-Amino-4-deoxy-L-arabinose modified core oligosaccharide lipid A
anhm_c,"1,6-anhydrous-N-Acetylmuramate"
urea_e,Urea CH4N2O
4fe4s_c,[4Fe-4S] iron-sulfur cluster
gcald_c,Glycolaldehyde
fe3_p,Iron (Fe3+)
fusa_e,Fusidic acid
tyrp_e,Phosphotyrosine
hdcea_e,Hexadecenoate (n-C16:1)
gdpddman_c,GDP-4-dehydro-6-deoxy-D-mannose
dhptdn_c,"6,7-Dihydropteridine"
galct__D_c,D-Galactarate
grxox_c,Glutaredoxin (oxidized)
4hbz_p,4-Hydroxybenzoate
1tdec7eg3p_c,1-tetradec-7-enoyl-sn-glycerol 3-phosphate
pgp180_c,"Phosphatidylglycerophosphate (dioctadecanoyl, n-C18:0)"
2ddecg3p_p,2-dodecanoyl-sn-glycerol 3-phosphate
dha_c,Dihydroxyacetone
gthrd_e,Reduced glutathione
urdglyc_c,(-)-Ureidoglycolate
prpncoa_c,Propenoyl-CoA
dcacoa_c,Decanoyl-CoA (n-C10:0CoA)
so3_e,Sulfite
acgam_p,N-Acetyl-D-glucosamine
2hdec9eg3p_p,2-hexadec-9-enoyl-sn-glycerol 3-phosphate
sel_c,Selenate
3fe4s_c,[3Fe-4S] damaged iron-sulfur cluster
lipoamp_c,Lipoyl-AMP
icit_c,Isocitrate
2dglc_e,2 Deoxy D glucose C6H12O5
melib_p,Melibiose C12H22O11
rmn_p,L-Rhamnose
galctn__D_p,D-Galactonate
lac__D_c,D-Lactate
frulys_e,Fructoselysine
nadh_c,Nicotinamide adenine dinucleotide - reduced
2dr5p_c,2-Deoxy-D-ribose 5-phosphate
amp_c,AMP C10H12N5O7P
cmp_e,CMP C9H12N3O8P
pydam_e,Pyridoxamine
3php_c,3-Phosphohydroxypyruvate
dtdp_c,DTDP C10H13N2O11P2
dhf_c,"7,8-Dihydrofolate"
gmp_p,GMP C10H12N5O8P
56dura_c,"5,6-dihydrouracil"
4hoxpacd_p,4-Hydroxyphenylacetaldehyde
for_c,Formate
urate_c,Urate C5H4N4O3
pi_e,Phosphate
3amp_e,3  AMP C10H12N5O7P
h2_c,Hydrogen
14glucan_e,"1,4-alpha-D-glucan"
thmmp_c,Thiamin monophosphate
psd5p_c,Pseudouridine 5  phosphate C9H11N2O9P
b2coa_c,Crotonoyl-CoA
fe3_e,Iron (Fe3+)
asp__L_e,L-Aspartate
athr__L_c,L-Allo-threonine
3opalmACP_c,3-Oxohexadecanoyl-[acyl-carrier protein]
3hcvac11eACP_c,(R)-3-hydroxy-cis-vacc-11-enoyl-[acyl-carrier protein]
sq_p,Sulphoquinovose
thr__L_e,L-Threonine
maltpt_e,Maltopentaose
metsox_S__L_e,L-Methionine Sulfoxide
acampnt_c,2-N-acetamidomethylphosphonate
coa_c,Coenzyme A
kdo2lipid4L_c,KDO(2)-lipid IV(A) with laurate
asn__L_c,L-Asparagine
nac_c,Nicotinate
4per_c,4-Phospho-D-erythronate
no2_c,Nitrite
15dap_e,"1,5-Diaminopentane"
udp_c,UDP C9H11N2O12P2
hdd2coa_c,Trans-Hexadec-2-enoyl-CoA
hxan_c,Hypoxanthine
2dh3dgal6p_c,2-Dehydro-3-deoxy-D-galactonate 6-phosphate
no_e,Nitric oxide
ap4a_c,"P1,P4-Bis(5'-adenosyl) tetraphosphate"
leu__L_c,L-Leucine
25aics_c,(S)-2-[5-Amino-1-(5-phospho-D-ribosyl)imidazole-4-carboxamido]succinate
meoh_e,Methanol
melib_e,Melibiose C12H22O11
35cgmp_c,"3',5'-Cyclic GMP"
2ddglcn_p,2-Dehydro-3-deoxy-D-gluconate
adocbip_c,Adenosyl cobinamide phosphate
etha_e,Ethanolamine
gdpfuc_c,GDP-L-fucose
glyc3p_p,Glycerol 3-phosphate
unaga_c,Undecaprenyl diphospho N-acetyl-glucosamine
k_p,Potassium
gtp_p,GTP C10H12N5O14P3
xylu__L_p,L-Xylulose
maltttr_e,Maltotetraose
glcur_e,D-Glucuronate
metsox_S__L_c,L-Methionine Sulfoxide
crncoa_c,L-Carnitinyl-CoA
fe3hox_e,Fe(III)hydroxamate
3ump_p,3  UMP C9H11N2O9P
g3ps_p,Glycerophosphoserine
ggbutal_c,Gamma-glutamyl-gamma-butyraldehyde
gbbtn_e,Gamma-butyrobetaine
pg140_c,"Phosphatidylglycerol (ditetradecanoyl, n-C14:0)"
4abz_c,4-Aminobenzoate
mso3_p,Methanesulfonate
pa140_p,"1,2-ditetradecanoyl-sn-glycerol 3-phosphate"
LalaDgluMdap_c,"L-alanine-D-glutamate-meso-2,6-diaminoheptanedioate"
cbl1_p,Cob(I)alamin
enter_e,Enterochelin
apg180_c,Acyl phosphatidylglycerol (n-C18:0)
colipa_c,Core oligosaccharide lipid A
LalaLglu_c,L-alanine-L-glutamate
appl_c,1-Aminopropan-2-ol
aragund_c,O-acetyl-rhamanosyl-N-acetylglucosamyl-undecaprenyl diphosphate
2dglc_c,2 Deoxy D glucose C6H12O5
14dhncoa_c,"1,4-dihydroxy-2-napthoyl-CoA"
3omrsACP_c,3-Oxotetradecanoyl-[acyl-carrier protein]
o16a2und_p,(O16 antigen)x2 undecaprenyl diphosphate
mmet_c,S-Methyl-L-methionine
pgp181_c,"Phosphatidylglycerophosphate (dioctadec-11-enoyl, n-C18:1)"
acald_c,Acetaldehyde
cpe180_c,"Cyclopropane phosphatidylethanolamine (dioctadec-11,12-cyclo-anoyl, n-C18:0 cyclo)"
acgam1p_e,N-Acetyl-D-glucosamine 1-phosphate
5aprbu_c,5-Amino-6-(5'-phosphoribitylamino)uracil
pa141_p,"1,2-ditetradec-7-enoyl-sn-glycerol 3-phosphate"
5aop_c,5-Amino-4-oxopentanoate
12dgr141_p,"1,2-Diacyl-sn-glycerol (ditetradec-7-enoyl, n-C14:1)"
pa180_p,"1,2-dioctadecanoyl-sn-glycerol 3-phosphate"
oc2coa_c,Trans-Oct-2-enoyl-CoA
2agpe141_c,2-Acyl-sn-glycero-3-phosphoethanolamine (n-C14:1)
rdmbzi_c,"N1-(alpha-D-ribosyl)-5,6-dimethylbenzimidazole"
1agpe141_p,1-Acyl-sn-glycero-3-phosphoethanolamine (n-C14:1)
ctbtcoa_c,Crotonobetainyl-CoA
1agpg161_p,1-Acyl-sn-glycero-3-phosphoglycerol (n-C16:1)
3hmrsACP_c,(R)-3-Hydroxytetradecanoyl-[acyl-carrier protein]
LalaDglu_e,L-alanine-D-glutamate
pram_c,5-Phospho-beta-D-ribosylamine
sufbcd_2fe2s2_c,SufBCD with two bound [2Fe-2S] clusters
urate_e,Urate C5H4N4O3
oxur_c,Oxalureate
ocdceap_c,Octadecanoyl-phosphate (n-C18:1)
cm_e,Chloramphenicol
agm_e,Agmatine
cdg_c,7-deaza-7-carboxyguanine
feenter_c,Fe-enterobactin
iscs_c,IscS sulfur acceptor protein
fe3dhbzs3_p,2-3-dihydroxybenzoylserine trimer-Fe-III
na1_c,Sodium
3c4mop_c,3-Carboxy-4-methyl-2-oxopentanoate
dxylnt_c,D-Xylonate
lys__L_p,L-Lysine
urdgci_c,S-ureidoglycine
hcys__L_c,L-Homocysteine
no3_c,Nitrate
mal__L_e,L-Malate
co2_c,CO2 CO2
4ppcys_c,N-((R)-4-Phosphopantothenoyl)-L-cysteine
phe__L_e,L-Phenylalanine
cpgn_e,Coprogen
pi_p,Phosphate
alltt_c,Allantoate
fum_e,Fumarate
cpgn_p,Coprogen
acald_e,Acetaldehyde
h2_p,Hydrogen
tym_p,Tyramine
etoh_p,Ethanol
25drapp_c,"2,5-Diamino-6-(ribosylamino)-4-(3H)-pyrimidinone 5'-phosphate"
gthox_c,Oxidized glutathione
peamn_e,Phenethylamine
gar_c,N1-(5-Phospho-D-ribosyl)glycinamide
tungs_c,Tungstate
23ccmp_p,"2',3'-Cyclic CMP"
arbtn_c,Aerobactin minus Fe3
enter_c,Enterochelin
cu_p,Cu+
fe3hox_p,Fe(III)hydroxamate
feoxam_un_e,Ferroxamine minus Fe(3)
udpacgal_e,UDP-N-acetyl-D-galactosamine
ump_p,UMP C9H11N2O9P
lald__D_c,D-Lactaldehyde
cmp_p,CMP C9H12N3O8P
fe3hox_un_e,"Fe(III)hydoxamate, unloaded"
acetol_c,Acetol cytosol
pydxn_e,Pyridoxine
23cgmp_e,"2',3'-Cyclic GMP"
murein4px4px4p_p,Three disacharide linked murein units (tetrapeptide crosslinked tetrapeptide (A2pm->D-ala) & tetrapeptide corsslinked tetrapeptide (A2pm->D-ala)) (middle of chain)
23dhbzs_c,"2,3-dihydroxybenzoylserine"
tym_e,Tyramine
3haACP_c,(3R)-3-Hydroxyacyl-[acyl-carrier protein]
3ooctACP_c,3-Oxooctanoyl-[acyl-carrier protein]
pser__L_e,O-Phospho-L-serine
3ocmrs7eACP_c,3-oxo-cis-myristol-7-eoyl-[acyl-carrier protein]
so2_c,Sulfur dioxide
1odecg3p_c,1-octadecanoyl-sn-glycerol 3-phosphate
poaac_c,Peroxyaminoacrylate
2agpe120_p,2-Acyl-sn-glycero-3-phosphoethanolamine (n-C12:0)
cdpdhdecg_c,"CDP-1,2-dihexadecanoylglycerol"
5mtr_e,5-Methylthio-D-ribose
hdcea_p,Hexadecenoate (n-C16:1)
2agpg160_p,2-Acyl-sn-glycero-3-phosphoglycerol (n-C16:0)
2agpe180_c,2-Acyl-sn-glycero-3-phosphoethanolamine (n-C18:0)
2agpg161_p,2-Acyl-sn-glycero-3-phosphoglycerol (n-C16:1)
moco_c,Molybdenum cofactor
1tdec7eg3p_p,1-tetradec-7-enoyl-sn-glycerol 3-phosphate
3hpp_c,3-Hydroxypropanoate
2ddg6p_c,2-Dehydro-3-deoxy-D-gluconate 6-phosphate
mincyc_e,Minocycline
1agpg140_p,1-Acyl-sn-glycero-3-phosphoglycerol (n-C14:0)
arab__L_c,L-Arabinose
sufbcd_4fe4s_c,SufBCD with bound [4Fe-4S] cluster
dhcur_c,Dihydrocurcumin
ade_c,Adenine
rml_c,L-Rhamnulose
rfamp_e,Rifampin
acg5p_c,N-Acetyl-L-glutamyl 5-phosphate
rfamp_p,Rifampin
4pasp_c,4-Phospho-L-aspartate
glu5p_c,L-Glutamate 5-phosphate
h2o_e,H2O H2O
ch4_c,Methane
23dhdp_c,"2,3-Dihydrodipicolinate"
3mop_c,(S)-3-Methyl-2-oxopentanoate
3htdcoa_c,(S)-3-Hydroxytetradecanoyl-CoA
dgtp_c,DGTP C10H12N5O13P3
rib__D_e,D-Ribose
fad_c,Flavin adenine dinucleotide oxidized
uri_e,Uridine
4ahmmp_c,4-Amino-5-hydroxymethyl-2-methylpyrimidine
trp__L_e,L-Tryptophan
dpcoa_c,Dephospho-CoA
2ommbl_c,"2-Octaprenyl-3-methyl-6-methoxy- 1,4-benzoquinol"
23ddhb_c,"2,3-Dihydro-2,3-dihydroxybenzoate"
din_e,Deoxyinosine
36dahx_c,"(3S)-3,6-Diaminohexanoate"
melib_c,Melibiose C12H22O11
udcpp_c,Undecaprenyl phosphate
dcamp_c,"N6-(1,2-Dicarboxyethyl)-AMP"
kdo2lipid4_c,KDO(2)-lipid IV(A)
galct__D_e,D-Galactarate
udpglcur_c,UDP-D-glucuronate
4h2opntn_c,4-Hydroxy-2-oxopentanoate
btnso_c,D-biotin d-sulfoxide
myrsACP_c,Myristoyl-ACP (n-C14:0ACP)
selnp_c,Selenophosphate
camp_c,CAMP C10H11N5O6P
dtbt_c,Dethiobiotin
galur_e,D-Galacturonate
gmhep17bp_c,"D-Glycero-D-manno-heptose 1,7-bisphosphate"
ACP_c,Acyl carrier protein
met__D_p,D-Methionine
palmACP_c,Palmitoyl-ACP (n-C16:0ACP)
alltn_p,Allantoin
dad_2_p,Deoxyadenosine
suc6p_c,Sucrose 6-phosphate
etha_p,Ethanolamine
dgmp_p,DGMP C10H12N5O7P
23dappa_p,"2,3-diaminopropionate"
g3pi_p,Sn-Glycero-3-phospho-1-inositol
23camp_e,"2',3'-Cyclic AMP"
uLa4n_p,Undecaprenyl phosphate-4-amino-4-deoxy-L-arabinose
cu_c,Cu+
cpgn_un_p,Coprogen unloaded (no Fe(III))
ps141_c,"Phosphatidylserine (ditetradec-7-enoyl, n-C14:1)"
pgp141_p,"Phosphatidylglycerophosphate (ditetradec-7-enoyl, n-C14:1)"
pgp180_p,"Phosphatidylglycerophosphate (dioctadecanoyl, n-C18:0)"
psclys_p,Psicoselysine
4abzglu_c,4-aminobenzoyl-glutamate
dhps_e,"2,3-Dihydroxypropane-1-sulfonate"
erthrs_c,D-erythrose
succoa_c,Succinyl-CoA
xyl__D_c,D-Xylose
sucsal_c,Succinic semialdehyde
alltn_c,Allantoin
3hdcoa_c,(S)-3-Hydroxydecanoyl-CoA
mnl_e,D-Mannitol
for_e,Formate
kdolipid4_c,KDO-lipid IV(A)
seramp_c,L-seryl-AMP
ade_p,Adenine
sbt__D_p,D-Sorbitol
12ppd__S_p,"(S)-Propane-1,2-diol"
dca_p,Decanoate (n-C10:0)
fe3dcit_p,Fe(III)dicitrate
h2o2_e,Hydrogen peroxide
23cump_e,"2',3'-Cyclic UMP"
eca2und_p,(enterobacterial common antigen)x2 undecaprenyl-diphosphate
cl_p,Chloride
murein4p3p_p,"Two linked disacharide tetrapeptide and tripeptide murein units (uncrosslinked, middle of chain)"
12dgr160_p,"1,2-Diacyl-sn-glycerol (dihexadecanoyl, n-C16:0)"
1agpg120_p,1-Acyl-sn-glycero-3-phosphoglycerol (n-C12:0)
tungs_e,Tungstate
5fthf_c,5-Formyltetrahydrofolate
arbtn_fe3_c,Aerobactin
hbcoa__3R_c,(R)-3-Hydroxybutanoyl-CoA
phb_c,(R)-3-hydroxybutyrate
phleth_e,Phenylethylene (styrene)
phleth_p,Phenylethylene (styrene)
phleth_c,Phenylethylene (styrene)
phloxi__s2_c,(S)-2-phenyloxirane
